[09Jan2026 03:54:01.729] [Netty Server IO #12/INFO] [Calio/]: Received acknowledgment for login packet with id 83
[09Jan2026 03:54:01.737] [Netty Server IO #12/INFO] [Calio/]: Received acknowledgment for login packet with id 84
[09Jan2026 03:54:01.738] [Netty Server IO #12/INFO] [Calio/]: Received acknowledgment for login packet with id 85
[09Jan2026 03:54:01.739] [Netty Server IO #12/INFO] [Calio/]: Received acknowledgment for login packet with id 86
[09Jan2026 03:54:01.741] [Netty Server IO #12/INFO] [Calio/]: Received acknowledgment for login packet with id 87
[09Jan2026 03:54:01.742] [Netty Server IO #12/INFO] [Calio/]: Received acknowledgment for login packet with id 88
[09Jan2026 03:54:01.743] [Netty Server IO #12/INFO] [Calio/]: Received acknowledgment for login packet with id 89
[09Jan2026 03:54:01.744] [Netty Server IO #12/INFO] [Calio/]: Received acknowledgment for login packet with id 90
[09Jan2026 03:54:01.745] [Netty Server IO #12/INFO] [Calio/]: Received acknowledgment for login packet with id 91
[09Jan2026 03:54:01.747] [Netty Server IO #12/INFO] [Calio/]: Received acknowledgment for login packet with id 92
[09Jan2026 03:54:01.748] [Netty Server IO #12/INFO] [Calio/]: Received acknowledgment for login packet with id 93
[09Jan2026 03:54:01.750] [Netty Server IO #12/INFO] [Calio/]: Received acknowledgment for login packet with id 94
[09Jan2026 03:54:01.818] [Netty Server IO #12/INFO] [Calio/]: Received acknowledgment for login packet with id 95
[09Jan2026 03:54:01.819] [Netty Server IO #12/INFO] [Calio/]: Received acknowledgment for login packet with id 96
[09Jan2026 03:54:01.824] [Netty Server IO #12/INFO] [Calio/]: Received acknowledgment for login packet with id 97
[09Jan2026 03:54:01.830] [Netty Server IO #12/INFO] [Calio/]: Received acknowledgment for login packet with id 98
[09Jan2026 03:54:02.006] [Server thread/INFO] [net.minecraft.server.players.PlayerList/]: Kaothx[/26.139.109.166:64299] logged in with entity id 178026 at (-221.69999998807907, 57.0, -60.652937469504735)
[09Jan2026 03:54:02.045] [Server thread/INFO] [net.minecraft.server.MinecraftServer/]: Kaothx joined the game
[09Jan2026 03:54:02.116] [Server thread/INFO] [com.wuest.prefab.Prefab/]: Sent config to 'Kaothx'.
[09Jan2026 04:44:31.111] [Server thread/INFO] [net.minecraft.server.MinecraftServer/]: Kaothx has made the advancement [Diamonds!]
[09Jan2026 04:49:45.998] [Server thread/WARN] [net.minecraft.server.MinecraftServer/]: Can't keep up! Is the server overloaded? Running 2020ms or 40 ticks behind
[09Jan2026 04:50:03.356] [Server thread/WARN] [net.minecraft.server.MinecraftServer/]: Can't keep up! Is the server overloaded? Running 2378ms or 47 ticks behind
[09Jan2026 04:50:21.097] [Server thread/WARN] [net.minecraft.server.MinecraftServer/]: Can't keep up! Is the server overloaded? Running 2768ms or 55 ticks behind
[09Jan2026 04:51:41.380] [Server thread/WARN] [net.minecraft.server.MinecraftServer/]: Can't keep up! Is the server overloaded? Running 2003ms or 40 ticks behind
[09Jan2026 04:52:57.184] [Server thread/WARN] [net.minecraft.server.MinecraftServer/]: Can't keep up! Is the server overloaded? Running 2006ms or 40 ticks behind
[09Jan2026 04:53:17.030] [Server thread/WARN] [net.minecraft.server.MinecraftServer/]: Can't keep up! Is the server overloaded? Running 2002ms or 40 ticks behind
[09Jan2026 04:53:34.296] [Server thread/WARN] [net.minecraft.server.MinecraftServer/]: Can't keep up! Is the server overloaded? Running 2268ms or 45 ticks behind
[09Jan2026 04:55:23.801] [Server thread/INFO] [net.minecraft.server.MinecraftServer/]: Kaothx has made the advancement [Not Today, Thank You]
[09Jan2026 05:01:41.815] [Server thread/WARN] [net.minecraft.server.network.ServerGamePacketListenerImpl/]: Kaothx moved too quickly! 9.3020072969735,-1.0,-3.8578029344291735
[09Jan2026 05:03:17.865] [Server thread/INFO] [net.minecraft.server.MinecraftServer/]: Kaothx has made the advancement [Delightful Decade]
[09Jan2026 05:04:31.067] [Server thread/INFO] [net.minecraft.server.MinecraftServer/]: Kaothx has made the advancement [Barrel Booty]
[09Jan2026 05:05:22.585] [Worker-Main-806/ERROR] [net.minecraft.world.entity.decoration.HangingEntity/]: Hanging entity at invalid position: BlockPos{x=186, y=-6, z=458}
[09Jan2026 05:05:22.585] [Worker-Main-806/ERROR] [net.minecraft.world.entity.decoration.HangingEntity/]: Hanging entity at invalid position: BlockPos{x=182, y=-6, z=460}
[09Jan2026 05:05:22.585] [Worker-Main-806/ERROR] [net.minecraft.world.entity.decoration.HangingEntity/]: Hanging entity at invalid position: BlockPos{x=180, y=-6, z=458}
[09Jan2026 05:09:32.012] [Server thread/INFO] [Scaling Health/]: Blight Platypus was killed by Kaothx
[09Jan2026 05:18:56.565] [Server thread/INFO] [net.minecraft.world.entity.LivingEntity/]: Named entity Stray['Steve the Burger Chef'/195203, l='ServerLevel[RPGurizada]', x=-695.74, y=63.00, z=-279.30] died: Steve the Burger Chef was shot by Kaothx
[09Jan2026 05:23:28.968] [Server thread/INFO] [net.minecraft.server.MinecraftServer/]: Kaothx has made the advancement [Herc was on a Roll!]
[09Jan2026 05:33:34.018] [Server thread/INFO] [net.minecraft.server.MinecraftServer/]: Kaothx has reached the goal [Flawless Crystals]
[09Jan2026 06:05:30.302] [Server thread/INFO] [net.minecraft.server.network.ServerGamePacketListenerImpl/]: Kaothx lost connection: Timed out
[09Jan2026 06:05:30.302] [Server thread/INFO] [net.minecraft.server.MinecraftServer/]: Kaothx left the game
[09Jan2026 06:06:19.400] [Server thread/INFO] [net.minecraft.server.network.ServerLoginPacketListenerImpl/]: com.mojang.authlib.GameProfile@36e6b0c0[id=<null>,name=Kaothx,properties={},legacy=false] (/26.139.109.166:54275) lost connection: Disconnected
[09Jan2026 06:06:38.543] [Netty Server IO #15/INFO] [Calio/]: Received acknowledgment for login packet with id 83
[09Jan2026 06:06:38.544] [Netty Server IO #15/INFO] [Calio/]: Received acknowledgment for login packet with id 84
[09Jan2026 06:06:38.544] [Netty Server IO #15/INFO] [Calio/]: Received acknowledgment for login packet with id 85
[09Jan2026 06:06:38.545] [Netty Server IO #15/INFO] [Calio/]: Received acknowledgment for login packet with id 86
[09Jan2026 06:06:38.546] [Netty Server IO #15/INFO] [Calio/]: Received acknowledgment for login packet with id 87
[09Jan2026 06:06:38.548] [Netty Server IO #15/INFO] [Calio/]: Received acknowledgment for login packet with id 88
[09Jan2026 06:06:38.548] [Netty Server IO #15/INFO] [Calio/]: Received acknowledgment for login packet with id 89
[09Jan2026 06:06:38.549] [Netty Server IO #15/INFO] [Calio/]: Received acknowledgment for login packet with id 90
[09Jan2026 06:06:38.550] [Netty Server IO #15/INFO] [Calio/]: Received acknowledgment for login packet with id 91
[09Jan2026 06:06:38.551] [Netty Server IO #15/INFO] [Calio/]: Received acknowledgment for login packet with id 92
[09Jan2026 06:06:38.552] [Netty Server IO #15/INFO] [Calio/]: Received acknowledgment for login packet with id 93
[09Jan2026 06:06:38.553] [Netty Server IO #15/INFO] [Calio/]: Received acknowledgment for login packet with id 94
[09Jan2026 06:06:38.556] [Netty Server IO #15/INFO] [Calio/]: Received acknowledgment for login packet with id 95
[09Jan2026 06:06:38.558] [Netty Server IO #15/INFO] [Calio/]: Received acknowledgment for login packet with id 96
[09Jan2026 06:06:38.559] [Netty Server IO #15/INFO] [Calio/]: Received acknowledgment for login packet with id 97
[09Jan2026 06:06:38.562] [Netty Server IO #15/INFO] [Calio/]: Received acknowledgment for login packet with id 98
[09Jan2026 06:06:38.740] [Server thread/INFO] [net.minecraft.server.players.PlayerList/]: Kaothx[/26.139.109.166:54290] logged in with entity id 207433 at (-486.1461694541195, 69.0, -127.80213753110101)
[09Jan2026 06:06:38.779] [Server thread/INFO] [net.minecraft.server.MinecraftServer/]: Kaothx joined the game
[09Jan2026 06:06:38.846] [Server thread/INFO] [com.wuest.prefab.Prefab/]: Sent config to 'Kaothx'.
[09Jan2026 06:07:04.191] [Server thread/WARN] [net.minecraft.server.network.ServerGamePacketListenerImpl/]: Kaothx moved too quickly! 10.196986022122246,-1.0,1.1193579807790144
[09Jan2026 06:15:08.783] [Server thread/INFO] [net.minecraft.server.network.ServerGamePacketListenerImpl/]: Kaothx lost connection: Disconnected
[09Jan2026 06:15:08.784] [Server thread/INFO] [net.minecraft.server.MinecraftServer/]: Kaothx left the game
[09Jan2026 12:37:46.732] [Netty Server IO #2/INFO] [Calio/]: Received acknowledgment for login packet with id 83
[09Jan2026 12:37:46.737] [Netty Server IO #2/INFO] [Calio/]: Received acknowledgment for login packet with id 84
[09Jan2026 12:37:46.738] [Netty Server IO #2/INFO] [Calio/]: Received acknowledgment for login packet with id 85
[09Jan2026 12:37:46.739] [Netty Server IO #2/INFO] [Calio/]: Received acknowledgment for login packet with id 86
[09Jan2026 12:37:46.742] [Netty Server IO #2/INFO] [Calio/]: Received acknowledgment for login packet with id 87
[09Jan2026 12:37:46.746] [Netty Server IO #2/INFO] [Calio/]: Received acknowledgment for login packet with id 88
[09Jan2026 12:37:46.748] [Netty Server IO #2/INFO] [Calio/]: Received acknowledgment for login packet with id 89
[09Jan2026 12:37:46.751] [Netty Server IO #2/INFO] [Calio/]: Received acknowledgment for login packet with id 90
[09Jan2026 12:37:46.752] [Netty Server IO #2/INFO] [Calio/]: Received acknowledgment for login packet with id 91
[09Jan2026 12:37:46.754] [Netty Server IO #2/INFO] [Calio/]: Received acknowledgment for login packet with id 92
[09Jan2026 12:37:46.755] [Netty Server IO #2/INFO] [Calio/]: Received acknowledgment for login packet with id 93
[09Jan2026 12:37:46.756] [Netty Server IO #2/INFO] [Calio/]: Received acknowledgment for login packet with id 94
[09Jan2026 12:37:46.855] [Netty Server IO #2/INFO] [Calio/]: Received acknowledgment for login packet with id 95
[09Jan2026 12:37:46.859] [Netty Server IO #2/INFO] [Calio/]: Received acknowledgment for login packet with id 96
[09Jan2026 12:37:46.859] [Netty Server IO #2/INFO] [Calio/]: Received acknowledgment for login packet with id 97
[09Jan2026 12:37:46.868] [Netty Server IO #2/INFO] [Calio/]: Received acknowledgment for login packet with id 98
[09Jan2026 12:37:47.100] [Server thread/INFO] [net.minecraft.server.players.PlayerList/]: Kaothx[/26.139.109.166:59575] logged in with entity id 208925 at (-219.96384132683997, 63.0, -60.671261190885346)
[09Jan2026 12:37:47.134] [Server thread/INFO] [net.minecraft.server.MinecraftServer/]: Kaothx joined the game
[09Jan2026 12:37:47.214] [Server thread/INFO] [com.wuest.prefab.Prefab/]: Sent config to 'Kaothx'.
[09Jan2026 13:16:40.406] [Server thread/INFO] [net.minecraft.world.entity.LivingEntity/]: Named entity Skeleton['Honeyed Archer'/210916, l='ServerLevel[RPGurizada]', x=-130.94, y=129.02, z=-9.35] died: Honeyed Archer suffocated in a wall
[09Jan2026 16:15:56.431] [Server thread/INFO] [Scaling Health/]: Blight Terrapin has died
[09Jan2026 16:29:32.848] [Server thread/INFO] [net.minecraft.server.network.ServerGamePacketListenerImpl/]: Kaothx lost connection: Disconnected
[09Jan2026 16:29:32.848] [Server thread/INFO] [net.minecraft.server.MinecraftServer/]: Kaothx left the game
[09Jan2026 17:05:08.922] [Netty Server IO #3/INFO] [Calio/]: Received acknowledgment for login packet with id 83
[09Jan2026 17:05:08.924] [Netty Server IO #3/INFO] [Calio/]: Received acknowledgment for login packet with id 84
[09Jan2026 17:05:08.930] [Netty Server IO #3/INFO] [Calio/]: Received acknowledgment for login packet with id 85
[09Jan2026 17:05:08.931] [Netty Server IO #3/INFO] [Calio/]: Received acknowledgment for login packet with id 86
[09Jan2026 17:05:08.933] [Netty Server IO #3/INFO] [Calio/]: Received acknowledgment for login packet with id 87
[09Jan2026 17:05:08.934] [Netty Server IO #3/INFO] [Calio/]: Received acknowledgment for login packet with id 88
[09Jan2026 17:05:08.935] [Netty Server IO #3/INFO] [Calio/]: Received acknowledgment for login packet with id 89
[09Jan2026 17:05:08.937] [Netty Server IO #3/INFO] [Calio/]: Received acknowledgment for login packet with id 90
[09Jan2026 17:05:08.938] [Netty Server IO #3/INFO] [Calio/]: Received acknowledgment for login packet with id 91
[09Jan2026 17:05:08.938] [Netty Server IO #3/INFO] [Calio/]: Received acknowledgment for login packet with id 92
[09Jan2026 17:05:08.940] [Netty Server IO #3/INFO] [Calio/]: Received acknowledgment for login packet with id 93
[09Jan2026 17:05:08.941] [Netty Server IO #3/INFO] [Calio/]: Received acknowledgment for login packet with id 94
[09Jan2026 17:05:08.947] [Netty Server IO #3/INFO] [Calio/]: Received acknowledgment for login packet with id 95
[09Jan2026 17:05:08.957] [Netty Server IO #3/INFO] [Calio/]: Received acknowledgment for login packet with id 96
[09Jan2026 17:05:08.961] [Netty Server IO #3/INFO] [Calio/]: Received acknowledgment for login packet with id 97
[09Jan2026 17:05:08.962] [Netty Server IO #3/INFO] [Calio/]: Received acknowledgment for login packet with id 98
[09Jan2026 17:05:09.096] [Server thread/INFO] [net.minecraft.server.players.PlayerList/]: Kaothx[/26.139.109.166:54840] logged in with entity id 233961 at (-219.96384132683997, 63.0, -60.671261190885346)
[09Jan2026 17:05:09.131] [Server thread/INFO] [net.minecraft.server.MinecraftServer/]: Kaothx joined the game
[09Jan2026 17:05:09.194] [Server thread/INFO] [com.wuest.prefab.Prefab/]: Sent config to 'Kaothx'.
[09Jan2026 17:12:24.388] [Server thread/INFO] [net.minecraft.world.entity.LivingEntity/]: Named entity Skeleton['Undead Knight'/234754, l='ServerLevel[RPGurizada]', x=-115.55, y=76.00, z=-68.55] died: Undead Knight suffocated in a wall
[09Jan2026 18:17:44.892] [Server thread/INFO] [net.minecraft.server.network.ServerGamePacketListenerImpl/]: Kaothx lost connection: Disconnected
[09Jan2026 18:17:44.893] [Server thread/INFO] [net.minecraft.server.MinecraftServer/]: Kaothx left the game
[09Jan2026 19:49:28.889] [Netty Server IO #5/INFO] [Calio/]: Received acknowledgment for login packet with id 83
[09Jan2026 19:49:28.890] [Netty Server IO #5/INFO] [Calio/]: Received acknowledgment for login packet with id 84
[09Jan2026 19:49:28.891] [Netty Server IO #5/INFO] [Calio/]: Received acknowledgment for login packet with id 85
[09Jan2026 19:49:28.891] [Netty Server IO #5/INFO] [Calio/]: Received acknowledgment for login packet with id 86
[09Jan2026 19:49:28.892] [Netty Server IO #5/INFO] [Calio/]: Received acknowledgment for login packet with id 87
[09Jan2026 19:49:28.893] [Netty Server IO #5/INFO] [Calio/]: Received acknowledgment for login packet with id 88
[09Jan2026 19:49:28.894] [Netty Server IO #5/INFO] [Calio/]: Received acknowledgment for login packet with id 89
[09Jan2026 19:49:28.895] [Netty Server IO #5/INFO] [Calio/]: Received acknowledgment for login packet with id 90
[09Jan2026 19:49:28.896] [Netty Server IO #5/INFO] [Calio/]: Received acknowledgment for login packet with id 91
[09Jan2026 19:49:28.896] [Netty Server IO #5/INFO] [Calio/]: Received acknowledgment for login packet with id 92
[09Jan2026 19:49:28.898] [Netty Server IO #5/INFO] [Calio/]: Received acknowledgment for login packet with id 93
[09Jan2026 19:49:28.899] [Netty Server IO #5/INFO] [Calio/]: Received acknowledgment for login packet with id 94
[09Jan2026 19:49:28.899] [Netty Server IO #5/INFO] [Calio/]: Received acknowledgment for login packet with id 95
[09Jan2026 19:49:28.900] [Netty Server IO #5/INFO] [Calio/]: Received acknowledgment for login packet with id 96
[09Jan2026 19:49:28.901] [Netty Server IO #5/INFO] [Calio/]: Received acknowledgment for login packet with id 97
[09Jan2026 19:49:28.902] [Netty Server IO #5/INFO] [Calio/]: Received acknowledgment for login packet with id 98
[09Jan2026 19:49:29.064] [Server thread/INFO] [net.minecraft.server.players.PlayerList/]: BobaKrefit[/26.16.82.141:60420] logged in with entity id 241427 at (890.1578731288976, 69.0, -400.6492418040002)
[09Jan2026 19:49:29.101] [Server thread/INFO] [net.minecraft.server.MinecraftServer/]: BobaKrefit joined the game
[09Jan2026 19:49:29.142] [Server thread/INFO] [com.wuest.prefab.Prefab/]: Sent config to 'BobaKrefit'.
[09Jan2026 19:50:28.004] [Server thread/INFO] [net.minecraft.server.network.ServerGamePacketListenerImpl/]: BobaKrefit lost connection: Disconnected
[09Jan2026 19:50:28.005] [Server thread/INFO] [net.minecraft.server.MinecraftServer/]: BobaKrefit left the game
[09Jan2026 19:51:39.812] [Netty Server IO #6/INFO] [Calio/]: Received acknowledgment for login packet with id 83
[09Jan2026 19:51:39.813] [Netty Server IO #6/INFO] [Calio/]: Received acknowledgment for login packet with id 84
[09Jan2026 19:51:39.814] [Netty Server IO #6/INFO] [Calio/]: Received acknowledgment for login packet with id 85
[09Jan2026 19:51:39.814] [Netty Server IO #6/INFO] [Calio/]: Received acknowledgment for login packet with id 86
[09Jan2026 19:51:39.815] [Netty Server IO #6/INFO] [Calio/]: Received acknowledgment for login packet with id 87
[09Jan2026 19:51:39.816] [Netty Server IO #6/INFO] [Calio/]: Received acknowledgment for login packet with id 88
[09Jan2026 19:51:39.817] [Netty Server IO #6/INFO] [Calio/]: Received acknowledgment for login packet with id 89
[09Jan2026 19:51:39.817] [Netty Server IO #6/INFO] [Calio/]: Received acknowledgment for login packet with id 90
[09Jan2026 19:51:39.819] [Netty Server IO #6/INFO] [Calio/]: Received acknowledgment for login packet with id 91
[09Jan2026 19:51:39.820] [Netty Server IO #6/INFO] [Calio/]: Received acknowledgment for login packet with id 92
[09Jan2026 19:51:39.821] [Netty Server IO #6/INFO] [Calio/]: Received acknowledgment for login packet with id 93
[09Jan2026 19:51:39.822] [Netty Server IO #6/INFO] [Calio/]: Received acknowledgment for login packet with id 94
[09Jan2026 19:51:39.823] [Netty Server IO #6/INFO] [Calio/]: Received acknowledgment for login packet with id 95
[09Jan2026 19:51:39.823] [Netty Server IO #6/INFO] [Calio/]: Received acknowledgment for login packet with id 96
[09Jan2026 19:51:39.824] [Netty Server IO #6/INFO] [Calio/]: Received acknowledgment for login packet with id 97
[09Jan2026 19:51:39.825] [Netty Server IO #6/INFO] [Calio/]: Received acknowledgment for login packet with id 98
[09Jan2026 19:51:40.015] [Server thread/INFO] [net.minecraft.server.players.PlayerList/]: BobaKrefit[/26.16.82.141:56049] logged in with entity id 241795 at (890.1578731288976, 69.0, -400.6492418040002)
[09Jan2026 19:51:40.052] [Server thread/INFO] [net.minecraft.server.MinecraftServer/]: BobaKrefit joined the game
[09Jan2026 19:51:40.085] [Server thread/INFO] [com.wuest.prefab.Prefab/]: Sent config to 'BobaKrefit'.
[09Jan2026 19:52:31.123] [Server thread/INFO] [net.minecraft.server.network.ServerGamePacketListenerImpl/]: BobaKrefit lost connection: Timed out
[09Jan2026 19:52:31.123] [Server thread/INFO] [net.minecraft.server.MinecraftServer/]: BobaKrefit left the game
[09Jan2026 20:07:28.417] [Netty Server IO #8/INFO] [Calio/]: Received acknowledgment for login packet with id 83
[09Jan2026 20:07:28.418] [Netty Server IO #8/INFO] [Calio/]: Received acknowledgment for login packet with id 84
[09Jan2026 20:07:28.418] [Netty Server IO #8/INFO] [Calio/]: Received acknowledgment for login packet with id 85
[09Jan2026 20:07:28.419] [Netty Server IO #8/INFO] [Calio/]: Received acknowledgment for login packet with id 86
[09Jan2026 20:07:28.420] [Netty Server IO #8/INFO] [Calio/]: Received acknowledgment for login packet with id 87
[09Jan2026 20:07:28.421] [Netty Server IO #8/INFO] [Calio/]: Received acknowledgment for login packet with id 88
[09Jan2026 20:07:28.422] [Netty Server IO #8/INFO] [Calio/]: Received acknowledgment for login packet with id 89
[09Jan2026 20:07:28.422] [Netty Server IO #8/INFO] [Calio/]: Received acknowledgment for login packet with id 90
[09Jan2026 20:07:28.423] [Netty Server IO #8/INFO] [Calio/]: Received acknowledgment for login packet with id 91
[09Jan2026 20:07:28.424] [Netty Server IO #8/INFO] [Calio/]: Received acknowledgment for login packet with id 92
[09Jan2026 20:07:28.425] [Netty Server IO #8/INFO] [Calio/]: Received acknowledgment for login packet with id 93
[09Jan2026 20:07:28.426] [Netty Server IO #8/INFO] [Calio/]: Received acknowledgment for login packet with id 94
[09Jan2026 20:07:28.426] [Netty Server IO #8/INFO] [Calio/]: Received acknowledgment for login packet with id 95
[09Jan2026 20:07:28.427] [Netty Server IO #8/INFO] [Calio/]: Received acknowledgment for login packet with id 96
[09Jan2026 20:07:28.428] [Netty Server IO #8/INFO] [Calio/]: Received acknowledgment for login packet with id 97
[09Jan2026 20:07:28.429] [Netty Server IO #8/INFO] [Calio/]: Received acknowledgment for login packet with id 98
[09Jan2026 20:07:28.620] [Server thread/INFO] [net.minecraft.server.players.PlayerList/]: BobaKrefit[/26.16.82.141:64269] logged in with entity id 242147 at (890.1578731288976, 69.0, -400.6492418040002)
[09Jan2026 20:07:28.655] [Server thread/INFO] [net.minecraft.server.MinecraftServer/]: BobaKrefit joined the game
[09Jan2026 20:07:28.697] [Server thread/INFO] [com.wuest.prefab.Prefab/]: Sent config to 'BobaKrefit'.
[09Jan2026 20:08:00.369] [Server thread/INFO] [net.minecraft.server.MinecraftServer/]: [BobaKrefit: Gave 1 [Orb of Origin] to BobaKrefit]
[09Jan2026 20:08:03.468] [Server thread/INFO] [net.minecraft.server.MinecraftServer/]: [BobaKrefit: Reloading!]
[09Jan2026 20:08:03.490] [Server thread/INFO] [Moonlight/]: Starting runtime resource generation for pack type SERVER_DATA with generators from mods []: []
[09Jan2026 20:08:03.490] [Server thread/INFO] [Moonlight/]: Finished runtime resources generation for 0 packs in a total of 0 ms
[09Jan2026 20:08:03.498] [Server thread/INFO] [com.github.alexthe666.alexsmobs.AlexsMobs/]: Adding datapack listener capsid_recipes
[09Jan2026 20:08:09.010] [Worker-ResourceReload-3/ERROR] [net.minecraftforge.common.ForgeHooks/]: Couldn't parse element loot_tables:irons_spellbooks:chests/citadel/citadel_tomes
com.google.gson.JsonSyntaxException: Unknown type 'minecraft:set_written_book_pages'
	at net.minecraft.world.level.storage.loot.GsonAdapterFactory$JsonAdapter.deserialize(GsonAdapterFactory.java:99) ~[server-1.20.1-20230612.114412-srg.jar%23425!/:?]
	at com.google.gson.internal.bind.TreeTypeAdapter.read(TreeTypeAdapter.java:76) ~[gson-2.10.jar%2372!/:?]
	at com.google.gson.internal.bind.TypeAdapterRuntimeTypeWrapper.read(TypeAdapterRuntimeTypeWrapper.java:40) ~[gson-2.10.jar%2372!/:?]
	at com.google.gson.internal.bind.ArrayTypeAdapter.read(ArrayTypeAdapter.java:72) ~[gson-2.10.jar%2372!/:?]
	at com.google.gson.Gson.fromJson(Gson.java:1214) ~[gson-2.10.jar%2372!/:?]
	at com.google.gson.Gson.fromJson(Gson.java:1319) ~[gson-2.10.jar%2372!/:?]
	at com.google.gson.Gson.fromJson(Gson.java:1290) ~[gson-2.10.jar%2372!/:?]
	at com.google.gson.internal.bind.TreeTypeAdapter$GsonContextImpl.deserialize(TreeTypeAdapter.java:179) ~[gson-2.10.jar%2372!/:?]
	at net.minecraft.util.GsonHelper.m_13808_(GsonHelper.java:463) ~[server-1.20.1-20230612.114412-srg.jar%23425!/:?]
	at net.minecraft.util.GsonHelper.m_13845_(GsonHelper.java:481) ~[server-1.20.1-20230612.114412-srg.jar%23425!/:?]
	at net.minecraft.world.level.storage.loot.entries.LootPoolSingletonContainer$Serializer.m_5921_(LootPoolSingletonContainer.java:149) ~[server-1.20.1-20230612.114412-srg.jar%23425!/:?]
	at net.minecraft.world.level.storage.loot.entries.LootPoolSingletonContainer$Serializer.m_5921_(LootPoolSingletonContainer.java:129) ~[server-1.20.1-20230612.114412-srg.jar%23425!/:?]
	at net.minecraft.world.level.storage.loot.entries.LootPoolEntryContainer$Serializer.m_7561_(LootPoolEntryContainer.java:86) ~[server-1.20.1-20230612.114412-srg.jar%23425!/:?]
	at net.minecraft.world.level.storage.loot.entries.LootPoolEntryContainer$Serializer.m_7561_(LootPoolEntryContainer.java:74) ~[server-1.20.1-20230612.114412-srg.jar%23425!/:?]
	at net.minecraft.world.level.storage.loot.GsonAdapterFactory$JsonAdapter.deserialize(GsonAdapterFactory.java:102) ~[server-1.20.1-20230612.114412-srg.jar%23425!/:?]
	at com.google.gson.internal.bind.TreeTypeAdapter.read(TreeTypeAdapter.java:76) ~[gson-2.10.jar%2372!/:?]
	at com.google.gson.internal.bind.TypeAdapterRuntimeTypeWrapper.read(TypeAdapterRuntimeTypeWrapper.java:40) ~[gson-2.10.jar%2372!/:?]
	at com.google.gson.internal.bind.ArrayTypeAdapter.read(ArrayTypeAdapter.java:72) ~[gson-2.10.jar%2372!/:?]
	at com.google.gson.Gson.fromJson(Gson.java:1214) ~[gson-2.10.jar%2372!/:?]
	at com.google.gson.Gson.fromJson(Gson.java:1319) ~[gson-2.10.jar%2372!/:?]
	at com.google.gson.Gson.fromJson(Gson.java:1290) ~[gson-2.10.jar%2372!/:?]
	at com.google.gson.internal.bind.TreeTypeAdapter$GsonContextImpl.deserialize(TreeTypeAdapter.java:179) ~[gson-2.10.jar%2372!/:?]
	at net.minecraft.util.GsonHelper.m_13808_(GsonHelper.java:463) ~[server-1.20.1-20230612.114412-srg.jar%23425!/:?]
	at net.minecraft.util.GsonHelper.m_13836_(GsonHelper.java:471) ~[server-1.20.1-20230612.114412-srg.jar%23425!/:?]
	at net.minecraft.world.level.storage.loot.LootPool$Serializer.deserialize(LootPool.java:192) ~[server-1.20.1-20230612.114412-srg.jar%23425!/:?]
	at net.minecraft.world.level.storage.loot.LootPool$Serializer.deserialize(LootPool.java:189) ~[server-1.20.1-20230612.114412-srg.jar%23425!/:?]
	at com.google.gson.internal.bind.TreeTypeAdapter.read(TreeTypeAdapter.java:76) ~[gson-2.10.jar%2372!/:?]
	at com.google.gson.internal.bind.TypeAdapterRuntimeTypeWrapper.read(TypeAdapterRuntimeTypeWrapper.java:40) ~[gson-2.10.jar%2372!/:?]
	at com.google.gson.internal.bind.ArrayTypeAdapter.read(ArrayTypeAdapter.java:72) ~[gson-2.10.jar%2372!/:?]
	at com.google.gson.Gson.fromJson(Gson.java:1214) ~[gson-2.10.jar%2372!/:?]
	at com.google.gson.Gson.fromJson(Gson.java:1319) ~[gson-2.10.jar%2372!/:?]
	at com.google.gson.Gson.fromJson(Gson.java:1290) ~[gson-2.10.jar%2372!/:?]
	at com.google.gson.internal.bind.TreeTypeAdapter$GsonContextImpl.deserialize(TreeTypeAdapter.java:179) ~[gson-2.10.jar%2372!/:?]
	at net.minecraft.util.GsonHelper.m_13808_(GsonHelper.java:463) ~[server-1.20.1-20230612.114412-srg.jar%23425!/:?]
	at net.minecraft.util.GsonHelper.m_13845_(GsonHelper.java:481) ~[server-1.20.1-20230612.114412-srg.jar%23425!/:?]
	at net.minecraft.world.level.storage.loot.LootTable$Serializer.deserialize(LootTable.java:294) ~[server-1.20.1-20230612.114412-srg.jar%23425!/:?]
	at net.minecraft.world.level.storage.loot.LootTable$Serializer.deserialize(LootTable.java:291) ~[server-1.20.1-20230612.114412-srg.jar%23425!/:?]
	at com.google.gson.internal.bind.TreeTypeAdapter.read(TreeTypeAdapter.java:76) ~[gson-2.10.jar%2372!/:?]
	at com.google.gson.Gson.fromJson(Gson.java:1214) ~[gson-2.10.jar%2372!/:?]
	at com.google.gson.Gson.fromJson(Gson.java:1319) ~[gson-2.10.jar%2372!/:?]
	at com.google.gson.Gson.fromJson(Gson.java:1261) ~[gson-2.10.jar%2372!/:?]
	at net.minecraftforge.common.ForgeHooks.loadLootTable(ForgeHooks.java:871) ~[forge-1.20.1-47.4.0-universal.jar%23430!/:?]
	at net.minecraftforge.common.ForgeHooks.lambda$getLootTableDeserializer$3(ForgeHooks.java:848) ~[forge-1.20.1-47.4.0-universal.jar%23430!/:?]
	at net.minecraft.world.level.storage.loot.LootDataType.deserialize(LootDataType.java:45) ~[server-1.20.1-20230612.114412-srg.jar%23425!/:?]
	at net.minecraft.world.level.storage.loot.LootDataManager.lambda$scheduleElementParse$4(LootDataManager.java:56) ~[server-1.20.1-20230612.114412-srg.jar%23425!/:?]
	at java.util.HashMap.forEach(HashMap.java:1421) ~[?:?]
	at net.minecraft.world.level.storage.loot.LootDataManager.m_278660_(LootDataManager.java:55) ~[server-1.20.1-20230612.114412-srg.jar%23425!/:?]
	at java.util.concurrent.CompletableFuture$AsyncRun.run(CompletableFuture.java:1804) ~[?:?]
	at java.util.concurrent.CompletableFuture$AsyncRun.exec(CompletableFuture.java:1796) ~[?:?]
	at java.util.concurrent.ForkJoinTask.doExec(ForkJoinTask.java:373) ~[?:?]
	at java.util.concurrent.ForkJoinPool$WorkQueue.topLevelExec(ForkJoinPool.java:1182) ~[?:?]
	at java.util.concurrent.ForkJoinPool.scan(ForkJoinPool.java:1655) ~[?:?]
	at java.util.concurrent.ForkJoinPool.runWorker(ForkJoinPool.java:1622) ~[?:?]
	at java.util.concurrent.ForkJoinWorkerThread.run(ForkJoinWorkerThread.java:165) ~[?:?]
[09Jan2026 20:08:11.409] [Worker-ResourceReload-3/ERROR] [net.minecraftforge.common.ForgeHooks/]: Couldn't parse element loot_tables:traveloptics:chests/abyssal_ruins_additions
com.google.gson.JsonSyntaxException: Expected name to be an item, was unknown string 'traveloptics:augment_chaos_epic'
	at net.minecraft.util.GsonHelper.m_13866_(GsonHelper.java:145) ~[server-1.20.1-20230612.114412-srg.jar%23425!/:?]
	at java.util.Optional.orElseThrow(Optional.java:403) ~[?:?]
	at net.minecraft.util.GsonHelper.m_13874_(GsonHelper.java:145) ~[server-1.20.1-20230612.114412-srg.jar%23425!/:?]
	at net.minecraft.util.GsonHelper.m_13909_(GsonHelper.java:153) ~[server-1.20.1-20230612.114412-srg.jar%23425!/:?]
	at net.minecraft.world.level.storage.loot.entries.LootItem$Serializer.m_7267_(LootItem.java:55) ~[server-1.20.1-20230612.114412-srg.jar%23425!/:?]
	at net.minecraft.world.level.storage.loot.entries.LootItem$Serializer.m_7267_(LootItem.java:40) ~[server-1.20.1-20230612.114412-srg.jar%23425!/:?]
	at net.minecraft.world.level.storage.loot.entries.LootPoolSingletonContainer$Serializer.m_5921_(LootPoolSingletonContainer.java:151) ~[server-1.20.1-20230612.114412-srg.jar%23425!/:?]
	at net.minecraft.world.level.storage.loot.entries.LootPoolSingletonContainer$Serializer.m_5921_(LootPoolSingletonContainer.java:129) ~[server-1.20.1-20230612.114412-srg.jar%23425!/:?]
	at net.minecraft.world.level.storage.loot.entries.LootPoolEntryContainer$Serializer.m_7561_(LootPoolEntryContainer.java:86) ~[server-1.20.1-20230612.114412-srg.jar%23425!/:?]
	at net.minecraft.world.level.storage.loot.entries.LootPoolEntryContainer$Serializer.m_7561_(LootPoolEntryContainer.java:74) ~[server-1.20.1-20230612.114412-srg.jar%23425!/:?]
	at net.minecraft.world.level.storage.loot.GsonAdapterFactory$JsonAdapter.deserialize(GsonAdapterFactory.java:102) ~[server-1.20.1-20230612.114412-srg.jar%23425!/:?]
	at com.google.gson.internal.bind.TreeTypeAdapter.read(TreeTypeAdapter.java:76) ~[gson-2.10.jar%2372!/:?]
	at com.google.gson.internal.bind.TypeAdapterRuntimeTypeWrapper.read(TypeAdapterRuntimeTypeWrapper.java:40) ~[gson-2.10.jar%2372!/:?]
	at com.google.gson.internal.bind.ArrayTypeAdapter.read(ArrayTypeAdapter.java:72) ~[gson-2.10.jar%2372!/:?]
	at com.google.gson.Gson.fromJson(Gson.java:1214) ~[gson-2.10.jar%2372!/:?]
	at com.google.gson.Gson.fromJson(Gson.java:1319) ~[gson-2.10.jar%2372!/:?]
	at com.google.gson.Gson.fromJson(Gson.java:1290) ~[gson-2.10.jar%2372!/:?]
	at com.google.gson.internal.bind.TreeTypeAdapter$GsonContextImpl.deserialize(TreeTypeAdapter.java:179) ~[gson-2.10.jar%2372!/:?]
	at net.minecraft.util.GsonHelper.m_13808_(GsonHelper.java:463) ~[server-1.20.1-20230612.114412-srg.jar%23425!/:?]
	at net.minecraft.util.GsonHelper.m_13836_(GsonHelper.java:471) ~[server-1.20.1-20230612.114412-srg.jar%23425!/:?]
	at net.minecraft.world.level.storage.loot.LootPool$Serializer.deserialize(LootPool.java:192) ~[server-1.20.1-20230612.114412-srg.jar%23425!/:?]
	at net.minecraft.world.level.storage.loot.LootPool$Serializer.deserialize(LootPool.java:189) ~[server-1.20.1-20230612.114412-srg.jar%23425!/:?]
	at com.google.gson.internal.bind.TreeTypeAdapter.read(TreeTypeAdapter.java:76) ~[gson-2.10.jar%2372!/:?]
	at com.google.gson.internal.bind.TypeAdapterRuntimeTypeWrapper.read(TypeAdapterRuntimeTypeWrapper.java:40) ~[gson-2.10.jar%2372!/:?]
	at com.google.gson.internal.bind.ArrayTypeAdapter.read(ArrayTypeAdapter.java:72) ~[gson-2.10.jar%2372!/:?]
	at com.google.gson.Gson.fromJson(Gson.java:1214) ~[gson-2.10.jar%2372!/:?]
	at com.google.gson.Gson.fromJson(Gson.java:1319) ~[gson-2.10.jar%2372!/:?]
	at com.google.gson.Gson.fromJson(Gson.java:1290) ~[gson-2.10.jar%2372!/:?]
	at com.google.gson.internal.bind.TreeTypeAdapter$GsonContextImpl.deserialize(TreeTypeAdapter.java:179) ~[gson-2.10.jar%2372!/:?]
	at net.minecraft.util.GsonHelper.m_13808_(GsonHelper.java:463) ~[server-1.20.1-20230612.114412-srg.jar%23425!/:?]
	at net.minecraft.util.GsonHelper.m_13845_(GsonHelper.java:481) ~[server-1.20.1-20230612.114412-srg.jar%23425!/:?]
	at net.minecraft.world.level.storage.loot.LootTable$Serializer.deserialize(LootTable.java:294) ~[server-1.20.1-20230612.114412-srg.jar%23425!/:?]
	at net.minecraft.world.level.storage.loot.LootTable$Serializer.deserialize(LootTable.java:291) ~[server-1.20.1-20230612.114412-srg.jar%23425!/:?]
	at com.google.gson.internal.bind.TreeTypeAdapter.read(TreeTypeAdapter.java:76) ~[gson-2.10.jar%2372!/:?]
	at com.google.gson.Gson.fromJson(Gson.java:1214) ~[gson-2.10.jar%2372!/:?]
	at com.google.gson.Gson.fromJson(Gson.java:1319) ~[gson-2.10.jar%2372!/:?]
	at com.google.gson.Gson.fromJson(Gson.java:1261) ~[gson-2.10.jar%2372!/:?]
	at net.minecraftforge.common.ForgeHooks.loadLootTable(ForgeHooks.java:871) ~[forge-1.20.1-47.4.0-universal.jar%23430!/:?]
	at net.minecraftforge.common.ForgeHooks.lambda$getLootTableDeserializer$3(ForgeHooks.java:848) ~[forge-1.20.1-47.4.0-universal.jar%23430!/:?]
	at net.minecraft.world.level.storage.loot.LootDataType.deserialize(LootDataType.java:45) ~[server-1.20.1-20230612.114412-srg.jar%23425!/:?]
	at net.minecraft.world.level.storage.loot.LootDataManager.lambda$scheduleElementParse$4(LootDataManager.java:56) ~[server-1.20.1-20230612.114412-srg.jar%23425!/:?]
	at java.util.HashMap.forEach(HashMap.java:1421) ~[?:?]
	at net.minecraft.world.level.storage.loot.LootDataManager.m_278660_(LootDataManager.java:55) ~[server-1.20.1-20230612.114412-srg.jar%23425!/:?]
	at java.util.concurrent.CompletableFuture$AsyncRun.run(CompletableFuture.java:1804) ~[?:?]
	at java.util.concurrent.CompletableFuture$AsyncRun.exec(CompletableFuture.java:1796) ~[?:?]
	at java.util.concurrent.ForkJoinTask.doExec(ForkJoinTask.java:373) ~[?:?]
	at java.util.concurrent.ForkJoinPool$WorkQueue.topLevelExec(ForkJoinPool.java:1182) ~[?:?]
	at java.util.concurrent.ForkJoinPool.scan(ForkJoinPool.java:1655) ~[?:?]
	at java.util.concurrent.ForkJoinPool.runWorker(ForkJoinPool.java:1622) ~[?:?]
	at java.util.concurrent.ForkJoinWorkerThread.run(ForkJoinWorkerThread.java:165) ~[?:?]
[09Jan2026 20:08:12.894] [Worker-ResourceReload-3/ERROR] [net.minecraftforge.common.ForgeHooks/]: Couldn't parse element loot_tables:irons_spellbooks:chests/trial_chambers/additional_ominous_vault_loot
com.google.gson.JsonSyntaxException: Expected name to be an item, was unknown string 'irons_spellbooks:expulsion_ring'
	at net.minecraft.util.GsonHelper.m_13866_(GsonHelper.java:145) ~[server-1.20.1-20230612.114412-srg.jar%23425!/:?]
	at java.util.Optional.orElseThrow(Optional.java:403) ~[?:?]
	at net.minecraft.util.GsonHelper.m_13874_(GsonHelper.java:145) ~[server-1.20.1-20230612.114412-srg.jar%23425!/:?]
	at net.minecraft.util.GsonHelper.m_13909_(GsonHelper.java:153) ~[server-1.20.1-20230612.114412-srg.jar%23425!/:?]
	at net.minecraft.world.level.storage.loot.entries.LootItem$Serializer.m_7267_(LootItem.java:55) ~[server-1.20.1-20230612.114412-srg.jar%23425!/:?]
	at net.minecraft.world.level.storage.loot.entries.LootItem$Serializer.m_7267_(LootItem.java:40) ~[server-1.20.1-20230612.114412-srg.jar%23425!/:?]
	at net.minecraft.world.level.storage.loot.entries.LootPoolSingletonContainer$Serializer.m_5921_(LootPoolSingletonContainer.java:151) ~[server-1.20.1-20230612.114412-srg.jar%23425!/:?]
	at net.minecraft.world.level.storage.loot.entries.LootPoolSingletonContainer$Serializer.m_5921_(LootPoolSingletonContainer.java:129) ~[server-1.20.1-20230612.114412-srg.jar%23425!/:?]
	at net.minecraft.world.level.storage.loot.entries.LootPoolEntryContainer$Serializer.m_7561_(LootPoolEntryContainer.java:86) ~[server-1.20.1-20230612.114412-srg.jar%23425!/:?]
	at net.minecraft.world.level.storage.loot.entries.LootPoolEntryContainer$Serializer.m_7561_(LootPoolEntryContainer.java:74) ~[server-1.20.1-20230612.114412-srg.jar%23425!/:?]
	at net.minecraft.world.level.storage.loot.GsonAdapterFactory$JsonAdapter.deserialize(GsonAdapterFactory.java:102) ~[server-1.20.1-20230612.114412-srg.jar%23425!/:?]
	at com.google.gson.internal.bind.TreeTypeAdapter.read(TreeTypeAdapter.java:76) ~[gson-2.10.jar%2372!/:?]
	at com.google.gson.internal.bind.TypeAdapterRuntimeTypeWrapper.read(TypeAdapterRuntimeTypeWrapper.java:40) ~[gson-2.10.jar%2372!/:?]
	at com.google.gson.internal.bind.ArrayTypeAdapter.read(ArrayTypeAdapter.java:72) ~[gson-2.10.jar%2372!/:?]
	at com.google.gson.Gson.fromJson(Gson.java:1214) ~[gson-2.10.jar%2372!/:?]
	at com.google.gson.Gson.fromJson(Gson.java:1319) ~[gson-2.10.jar%2372!/:?]
	at com.google.gson.Gson.fromJson(Gson.java:1290) ~[gson-2.10.jar%2372!/:?]
	at com.google.gson.internal.bind.TreeTypeAdapter$GsonContextImpl.deserialize(TreeTypeAdapter.java:179) ~[gson-2.10.jar%2372!/:?]
	at net.minecraft.util.GsonHelper.m_13808_(GsonHelper.java:463) ~[server-1.20.1-20230612.114412-srg.jar%23425!/:?]
	at net.minecraft.util.GsonHelper.m_13836_(GsonHelper.java:471) ~[server-1.20.1-20230612.114412-srg.jar%23425!/:?]
	at net.minecraft.world.level.storage.loot.LootPool$Serializer.deserialize(LootPool.java:192) ~[server-1.20.1-20230612.114412-srg.jar%23425!/:?]
	at net.minecraft.world.level.storage.loot.LootPool$Serializer.deserialize(LootPool.java:189) ~[server-1.20.1-20230612.114412-srg.jar%23425!/:?]
	at com.google.gson.internal.bind.TreeTypeAdapter.read(TreeTypeAdapter.java:76) ~[gson-2.10.jar%2372!/:?]
	at com.google.gson.internal.bind.TypeAdapterRuntimeTypeWrapper.read(TypeAdapterRuntimeTypeWrapper.java:40) ~[gson-2.10.jar%2372!/:?]
	at com.google.gson.internal.bind.ArrayTypeAdapter.read(ArrayTypeAdapter.java:72) ~[gson-2.10.jar%2372!/:?]
	at com.google.gson.Gson.fromJson(Gson.java:1214) ~[gson-2.10.jar%2372!/:?]
	at com.google.gson.Gson.fromJson(Gson.java:1319) ~[gson-2.10.jar%2372!/:?]
	at com.google.gson.Gson.fromJson(Gson.java:1290) ~[gson-2.10.jar%2372!/:?]
	at com.google.gson.internal.bind.TreeTypeAdapter$GsonContextImpl.deserialize(TreeTypeAdapter.java:179) ~[gson-2.10.jar%2372!/:?]
	at net.minecraft.util.GsonHelper.m_13808_(GsonHelper.java:463) ~[server-1.20.1-20230612.114412-srg.jar%23425!/:?]
	at net.minecraft.util.GsonHelper.m_13845_(GsonHelper.java:481) ~[server-1.20.1-20230612.114412-srg.jar%23425!/:?]
	at net.minecraft.world.level.storage.loot.LootTable$Serializer.deserialize(LootTable.java:294) ~[server-1.20.1-20230612.114412-srg.jar%23425!/:?]
	at net.minecraft.world.level.storage.loot.LootTable$Serializer.deserialize(LootTable.java:291) ~[server-1.20.1-20230612.114412-srg.jar%23425!/:?]
	at com.google.gson.internal.bind.TreeTypeAdapter.read(TreeTypeAdapter.java:76) ~[gson-2.10.jar%2372!/:?]
	at com.google.gson.Gson.fromJson(Gson.java:1214) ~[gson-2.10.jar%2372!/:?]
	at com.google.gson.Gson.fromJson(Gson.java:1319) ~[gson-2.10.jar%2372!/:?]
	at com.google.gson.Gson.fromJson(Gson.java:1261) ~[gson-2.10.jar%2372!/:?]
	at net.minecraftforge.common.ForgeHooks.loadLootTable(ForgeHooks.java:871) ~[forge-1.20.1-47.4.0-universal.jar%23430!/:?]
	at net.minecraftforge.common.ForgeHooks.lambda$getLootTableDeserializer$3(ForgeHooks.java:848) ~[forge-1.20.1-47.4.0-universal.jar%23430!/:?]
	at net.minecraft.world.level.storage.loot.LootDataType.deserialize(LootDataType.java:45) ~[server-1.20.1-20230612.114412-srg.jar%23425!/:?]
	at net.minecraft.world.level.storage.loot.LootDataManager.lambda$scheduleElementParse$4(LootDataManager.java:56) ~[server-1.20.1-20230612.114412-srg.jar%23425!/:?]
	at java.util.HashMap.forEach(HashMap.java:1421) ~[?:?]
	at net.minecraft.world.level.storage.loot.LootDataManager.m_278660_(LootDataManager.java:55) ~[server-1.20.1-20230612.114412-srg.jar%23425!/:?]
	at java.util.concurrent.CompletableFuture$AsyncRun.run(CompletableFuture.java:1804) ~[?:?]
	at java.util.concurrent.CompletableFuture$AsyncRun.exec(CompletableFuture.java:1796) ~[?:?]
	at java.util.concurrent.ForkJoinTask.doExec(ForkJoinTask.java:373) ~[?:?]
	at java.util.concurrent.ForkJoinPool$WorkQueue.topLevelExec(ForkJoinPool.java:1182) ~[?:?]
	at java.util.concurrent.ForkJoinPool.scan(ForkJoinPool.java:1655) ~[?:?]
	at java.util.concurrent.ForkJoinPool.runWorker(ForkJoinPool.java:1622) ~[?:?]
	at java.util.concurrent.ForkJoinWorkerThread.run(ForkJoinWorkerThread.java:165) ~[?:?]
[09Jan2026 20:08:14.731] [Server thread/WARN] [net.minecraft.world.level.storage.loot.LootDataManager/]: Found loot table element validation problem in {loot_tables:irons_spellbooks:chests/citadel/citadel_bookshelf}.pools[8].entries[0]: Unknown loot table called irons_spellbooks:chests/citadel/citadel_tomes
[09Jan2026 20:08:14.735] [Server thread/INFO] [placebo/]: Registered 34 additional loot tables.
[09Jan2026 20:08:14.755] [Server thread/ERROR] [net.minecraft.world.item.crafting.RecipeManager/]: Parsing error loading recipe create:milling/compat/biomesoplenty/tall_white_lavender: com.google.gson.JsonSyntaxException: Unknown item 'biomesoplenty:tall_white_lavender'
[09Jan2026 20:08:14.763] [Server thread/WARN] [com.simibubi.create.Create/]: Your custom createaddition:rolling/aluminum_plate recipe (createaddition:rolling/aluminum_plate) specified a duration. Durations have no impact on this type of recipe.
[09Jan2026 20:08:14.778] [Server thread/INFO] [net.minecraft.world.item.crafting.RecipeManager/]: Skipping loading recipe mob_grinding_utils:beheading/piglin as it's serializer returned null
[09Jan2026 20:08:14.783] [Server thread/INFO] [net.minecraft.world.item.crafting.RecipeManager/]: Skipping loading recipe twilightforest:jeed/hunger as it's serializer returned null
[09Jan2026 20:08:14.784] [Server thread/WARN] [com.simibubi.create.Create/]: Your custom createaddition:rolling/brass_ingot recipe (createaddition:rolling/brass_ingot) specified a duration. Durations have no impact on this type of recipe.
[09Jan2026 20:08:14.785] [Server thread/INFO] [net.minecraft.world.item.crafting.RecipeManager/]: Skipping loading recipe mob_grinding_utils:beheading/zombified_piglin_brute as it's serializer returned null
[09Jan2026 20:08:14.787] [Server thread/ERROR] [net.minecraft.world.item.crafting.RecipeManager/]: Parsing error loading recipe create:milling/compat/biomesoplenty/endbloom: com.google.gson.JsonSyntaxException: Unknown item 'biomesoplenty:endbloom'
[09Jan2026 20:08:14.788] [Server thread/ERROR] [net.minecraft.world.item.crafting.RecipeManager/]: Parsing error loading recipe kom:tremor_scale: com.google.gson.JsonSyntaxException: Unknown item 'alexcaves:radrock'
[09Jan2026 20:08:14.804] [Server thread/WARN] [com.simibubi.create.Create/]: Your custom createaddition:rolling/copper_ingot recipe (createaddition:rolling/copper_ingot) specified a duration. Durations have no impact on this type of recipe.
[09Jan2026 20:08:14.821] [Server thread/INFO] [net.minecraft.world.item.crafting.RecipeManager/]: Skipping loading recipe mob_grinding_utils:beheading/spider as it's serializer returned null
[09Jan2026 20:08:14.830] [Server thread/WARN] [com.simibubi.create.Create/]: Your custom createaddition:rolling/steel_plate recipe (createaddition:rolling/steel_plate) specified a duration. Durations have no impact on this type of recipe.
[09Jan2026 20:08:14.832] [Server thread/ERROR] [net.minecraft.world.item.crafting.RecipeManager/]: Parsing error loading recipe create:milling/compat/biomesoplenty/tiny_cactus: com.google.gson.JsonSyntaxException: Unknown item 'biomesoplenty:tiny_cactus'
[09Jan2026 20:08:14.847] [Server thread/INFO] [net.minecraft.world.item.crafting.RecipeManager/]: Skipping loading recipe twilightforest:jeed/poison as it's serializer returned null
[09Jan2026 20:08:14.858] [Server thread/WARN] [com.simibubi.create.Create/]: Your custom createaddition:rolling/steel_ingot recipe (createaddition:rolling/steel_ingot) specified a duration. Durations have no impact on this type of recipe.
[09Jan2026 20:08:14.861] [Server thread/INFO] [net.minecraft.world.item.crafting.RecipeManager/]: Skipping loading recipe mob_grinding_utils:beheading/blaze as it's serializer returned null
[09Jan2026 20:08:14.863] [Server thread/INFO] [net.minecraft.world.item.crafting.RecipeManager/]: Skipping loading recipe mob_grinding_utils:beheading/piglin_brute as it's serializer returned null
[09Jan2026 20:08:14.876] [Server thread/WARN] [com.simibubi.create.Create/]: Your custom createaddition:rolling/electrum_plate recipe (createaddition:rolling/electrum_plate) specified a duration. Durations have no impact on this type of recipe.
[09Jan2026 20:08:14.877] [Server thread/WARN] [com.simibubi.create.Create/]: Your custom createaddition:rolling/aluminum_ingot recipe (createaddition:rolling/aluminum_ingot) specified a duration. Durations have no impact on this type of recipe.
[09Jan2026 20:08:14.897] [Server thread/INFO] [net.minecraft.world.item.crafting.RecipeManager/]: Skipping loading recipe mob_grinding_utils:beheading/husk as it's serializer returned null
[09Jan2026 20:08:14.899] [Server thread/ERROR] [net.minecraft.world.item.crafting.RecipeManager/]: Parsing error loading recipe kom:cali_remote_crafting: com.google.gson.JsonSyntaxException: Unknown item 'ad_astra:calorite_plate'
[09Jan2026 20:08:14.900] [Server thread/ERROR] [net.minecraft.world.item.crafting.RecipeManager/]: Parsing error loading recipe kom:totem_of_swagger_recipe: com.google.gson.JsonSyntaxException: Unknown item 'iwannaskate:skateboard'
[09Jan2026 20:08:14.901] [Server thread/WARN] [com.simibubi.create.Create/]: Your custom createaddition:rolling/iron_plate recipe (createaddition:rolling/iron_plate) specified a duration. Durations have no impact on this type of recipe.
[09Jan2026 20:08:14.906] [Server thread/WARN] [com.simibubi.create.Create/]: Your custom createaddition:rolling/lead_plate recipe (createaddition:rolling/lead_plate) specified a duration. Durations have no impact on this type of recipe.
[09Jan2026 20:08:14.920] [Server thread/INFO] [net.minecraft.world.item.crafting.RecipeManager/]: Skipping loading recipe twilightforest:jeed/regeneration as it's serializer returned null
[09Jan2026 20:08:14.922] [Server thread/WARN] [com.simibubi.create.Create/]: Your custom createaddition:rolling/gold_plate recipe (createaddition:rolling/gold_plate) specified a duration. Durations have no impact on this type of recipe.
[09Jan2026 20:08:14.928] [Server thread/INFO] [net.minecraft.world.item.crafting.RecipeManager/]: Skipping loading recipe twilightforest:jeed/fire_resistance as it's serializer returned null
[09Jan2026 20:08:14.933] [Server thread/WARN] [com.simibubi.create.Create/]: Your custom createaddition:rolling/electrum_ingot recipe (createaddition:rolling/electrum_ingot) specified a duration. Durations have no impact on this type of recipe.
[09Jan2026 20:08:14.934] [Server thread/ERROR] [net.minecraft.world.item.crafting.RecipeManager/]: Parsing error loading recipe kom:nectra_crown_recipe: com.google.gson.JsonSyntaxException: Unknown item 'domesticationinnovation:collar_tag'
[09Jan2026 20:08:14.952] [Server thread/ERROR] [net.minecraft.world.item.crafting.RecipeManager/]: Parsing error loading recipe kom:sigil_of_rats: com.google.gson.JsonSyntaxException: Unknown item 'rats:block_of_nether_cheese'
[09Jan2026 20:08:14.955] [Server thread/INFO] [net.minecraft.world.item.crafting.RecipeManager/]: Skipping loading recipe mob_grinding_utils:beheading/drowned as it's serializer returned null
[09Jan2026 20:08:14.957] [Server thread/INFO] [net.minecraft.world.item.crafting.RecipeManager/]: Skipping loading recipe twilightforest:jeed/frosted as it's serializer returned null
[09Jan2026 20:08:14.973] [Server thread/WARN] [com.simibubi.create.Create/]: Your custom createaddition:rolling/iron_ingot recipe (createaddition:rolling/iron_ingot) specified a duration. Durations have no impact on this type of recipe.
[09Jan2026 20:08:14.977] [Server thread/ERROR] [net.minecraft.world.item.crafting.RecipeManager/]: Parsing error loading recipe kom:jade_plating_recipe: com.google.gson.JsonSyntaxException: Unknown item 'ad_astra:calorite_plate'
[09Jan2026 20:08:14.989] [Server thread/INFO] [net.minecraft.world.item.crafting.RecipeManager/]: Skipping loading recipe mob_grinding_utils:beheading/cave_spider as it's serializer returned null
[09Jan2026 20:08:15.001] [Server thread/WARN] [com.simibubi.create.Create/]: Your custom createaddition:rolling/gold_ingot recipe (createaddition:rolling/gold_ingot) specified a duration. Durations have no impact on this type of recipe.
[09Jan2026 20:08:15.004] [Server thread/INFO] [net.minecraft.world.item.crafting.RecipeManager/]: Skipping loading recipe twilightforest:jeed/blindness as it's serializer returned null
[09Jan2026 20:08:15.004] [Server thread/WARN] [com.simibubi.create.Create/]: Your custom createaddition:rolling/straw recipe (createaddition:rolling/straw) specified a duration. Durations have no impact on this type of recipe.
[09Jan2026 20:08:15.022] [Server thread/ERROR] [net.minecraft.world.item.crafting.RecipeManager/]: Parsing error loading recipe createcasing:crafting/chain_drive/creative_from_zinc: com.google.gson.JsonSyntaxException: Unknown item 'create:creative_casing'
[09Jan2026 20:08:15.040] [Server thread/ERROR] [net.minecraft.world.item.crafting.RecipeManager/]: Parsing error loading recipe kom:staff_of_skewdan_recipe: com.google.gson.JsonSyntaxException: Unknown item 'rats:block_of_nether_cheese'
[09Jan2026 20:08:15.049] [Server thread/INFO] [net.minecraft.world.item.crafting.RecipeManager/]: Skipping loading recipe mob_grinding_utils:beheading/enderman as it's serializer returned null
[09Jan2026 20:08:15.054] [Server thread/INFO] [net.minecraft.world.item.crafting.RecipeManager/]: Skipping loading recipe twilightforest:jeed/resistance as it's serializer returned null
[09Jan2026 20:08:15.058] [Server thread/ERROR] [net.minecraft.world.item.crafting.RecipeManager/]: Parsing error loading recipe create:milling/compat/biomesoplenty/white_lavender: com.google.gson.JsonSyntaxException: Unknown item 'biomesoplenty:white_lavender'
[09Jan2026 20:08:15.065] [Server thread/WARN] [com.simibubi.create.Create/]: Your custom createaddition:rolling/copper_plate recipe (createaddition:rolling/copper_plate) specified a duration. Durations have no impact on this type of recipe.
[09Jan2026 20:08:15.066] [Server thread/ERROR] [net.minecraft.world.item.crafting.RecipeManager/]: Parsing error loading recipe irons_spellbooks:expulsion_ring: com.google.gson.JsonSyntaxException: Unknown item 'minecraft:wind_charge'
[09Jan2026 20:08:15.086] [Server thread/INFO] [net.minecraft.world.item.crafting.RecipeManager/]: Skipping loading recipe twilightforest:jeed/slowness as it's serializer returned null
[09Jan2026 20:08:15.100] [Server thread/INFO] [net.minecraft.world.item.crafting.RecipeManager/]: Loaded 85 recipes
[09Jan2026 20:08:15.119] [Server thread/ERROR] [net.minecraft.server.ServerAdvancementManager/]: Parsing error loading custom advancement blastfromthepast:brother_bear: Invalid criterion trigger: blastfromthepast:pacify_bear_trigger
[09Jan2026 20:08:15.120] [Server thread/ERROR] [net.minecraft.server.ServerAdvancementManager/]: Parsing error loading custom advancement blastfromthepast:prehistoric_party: Invalid criterion trigger: blastfromthepast:dance_trigger
[09Jan2026 20:08:15.122] [Server thread/ERROR] [net.minecraft.server.ServerAdvancementManager/]: Parsing error loading custom advancement sophisticatedstorage:recipes/misc/backpack_chipped_mason_table_upgrade_from_storage_chipped_mason_table_upgrade: Unknown item id 'sophisticatedstorage:chipped/mason_table_upgrade'
[09Jan2026 20:08:15.129] [Server thread/ERROR] [net.minecraft.server.ServerAdvancementManager/]: Parsing error loading custom advancement sophisticatedstorage:recipes/misc/backpack_chipped_glassblower_upgrade_from_storage_chipped_glassblower_upgrade: Unknown item id 'sophisticatedstorage:chipped/glassblower_upgrade'
[09Jan2026 20:08:15.132] [Server thread/ERROR] [net.minecraft.server.ServerAdvancementManager/]: Parsing error loading custom advancement sophisticatedstorage:recipes/misc/storage_chipped_carpenters_table_upgrade_from_backpack_chipped_carpenters_table_upgrade: Unknown item id 'sophisticatedbackpacks:chipped/carpenters_table_upgrade'
[09Jan2026 20:08:15.137] [Server thread/ERROR] [net.minecraft.server.ServerAdvancementManager/]: Parsing error loading custom advancement sophisticatedstorage:recipes/misc/storage_chipped_alchemy_bench_upgrade_from_backpack_chipped_alchemy_bench_upgrade: Unknown item id 'sophisticatedbackpacks:chipped/alchemy_bench_upgrade'
[09Jan2026 20:08:15.144] [Server thread/ERROR] [net.minecraft.server.ServerAdvancementManager/]: Parsing error loading custom advancement sophisticatedstorage:recipes/misc/backpack_chipped_loom_table_upgrade_from_storage_chipped_loom_table_upgrade: Unknown item id 'sophisticatedstorage:chipped/loom_table_upgrade'
[09Jan2026 20:08:15.168] [Server thread/ERROR] [net.minecraft.server.ServerAdvancementManager/]: Parsing error loading custom advancement sophisticatedstorage:recipes/misc/storage_chipped_botanist_workbench_upgrade_from_backpack_chipped_botanist_workbench_upgrade: Unknown item id 'sophisticatedbackpacks:chipped/botanist_workbench_upgrade'
[09Jan2026 20:08:15.173] [Server thread/ERROR] [net.minecraft.server.ServerAdvancementManager/]: Parsing error loading custom advancement sophisticatedstorage:recipes/misc/storage_chipped_tinkering_table_upgrade_from_backpack_chipped_tinkering_table_upgrade: Unknown item id 'sophisticatedbackpacks:chipped/tinkering_table_upgrade'
[09Jan2026 20:08:15.201] [Server thread/ERROR] [net.minecraft.server.ServerAdvancementManager/]: Parsing error loading custom advancement sophisticatedstorage:recipes/misc/storage_chipped_loom_table_upgrade_from_backpack_chipped_loom_table_upgrade: Unknown item id 'sophisticatedbackpacks:chipped/loom_table_upgrade'
[09Jan2026 20:08:15.204] [Server thread/ERROR] [net.minecraft.server.ServerAdvancementManager/]: Parsing error loading custom advancement sophisticatedstorage:recipes/misc/backpack_chipped_carpenters_table_upgrade_from_storage_chipped_carpenters_table_upgrade: Unknown item id 'sophisticatedstorage:chipped/carpenters_table_upgrade'
[09Jan2026 20:08:15.227] [Server thread/ERROR] [net.minecraft.server.ServerAdvancementManager/]: Parsing error loading custom advancement sophisticatedstorage:recipes/misc/backpack_chipped_botanist_workbench_upgrade_from_storage_chipped_botanist_workbench_upgrade: Unknown item id 'sophisticatedstorage:chipped/botanist_workbench_upgrade'
[09Jan2026 20:08:15.229] [Server thread/ERROR] [net.minecraft.server.ServerAdvancementManager/]: Parsing error loading custom advancement sophisticatedstorage:recipes/misc/storage_chipped_glassblower_upgrade_from_backpack_chipped_glassblower_upgrade: Unknown item id 'sophisticatedbackpacks:chipped/glassblower_upgrade'
[09Jan2026 20:08:15.231] [Server thread/ERROR] [net.minecraft.server.ServerAdvancementManager/]: Parsing error loading custom advancement sophisticatedstorage:recipes/misc/storage_chipped_mason_table_upgrade_from_backpack_chipped_mason_table_upgrade: Unknown item id 'sophisticatedbackpacks:chipped/mason_table_upgrade'
[09Jan2026 20:08:15.239] [Server thread/ERROR] [net.minecraft.server.ServerAdvancementManager/]: Parsing error loading custom advancement sophisticatedstorage:recipes/misc/backpack_chipped_tinkering_table_upgrade_from_storage_chipped_tinkering_table_upgrade: Unknown item id 'sophisticatedstorage:chipped/tinkering_table_upgrade'
[09Jan2026 20:08:15.241] [Server thread/ERROR] [net.minecraft.server.ServerAdvancementManager/]: Parsing error loading custom advancement sophisticatedstorage:recipes/misc/backpack_chipped_alchemy_bench_upgrade_from_storage_chipped_alchemy_bench_upgrade: Unknown item id 'sophisticatedstorage:chipped/alchemy_bench_upgrade'
[09Jan2026 20:08:15.282] [Server thread/INFO] [net.minecraft.advancements.AdvancementList/]: Loaded 7018 advancements
[09Jan2026 20:08:15.293] [Server thread/INFO] [placebo/]: Registered 26 additional recipes.
[09Jan2026 20:08:15.870] [Server thread/INFO] [twilightforest/]: Loaded 9 Stalactite configs!
[09Jan2026 20:08:15.872] [Server thread/INFO] [top.theillusivec4.curios.Curios/]: Loaded 20 curio slots
[09Jan2026 20:08:15.875] [Server thread/ERROR] [top.theillusivec4.curios.Curios/]: talisman is not a registered slot type!
[09Jan2026 20:08:15.875] [Server thread/INFO] [top.theillusivec4.curios.Curios/]: Loaded 13 curio entities
[09Jan2026 20:08:15.970] [Server thread/ERROR] [io.github.apace100.apoli.Apoli/]: Error loading power "custom_origins:umbrakin/daylight_burn": Unknown registry key: origins:burn_in_daylight
[09Jan2026 20:08:15.970] [Server thread/ERROR] [io.github.apace100.apoli.Apoli/]: Loading for all instances of power custom_origins:umbrakin/daylight_burn failed.
[09Jan2026 20:08:15.978] [Server thread/ERROR] [io.github.apace100.origins.Origins/]: There was a problem reading Origin file custom_origins:umbrakin (skipping): Expected description to be a string, was an array (["Fi...."])
[09Jan2026 20:08:15.979] [Server thread/ERROR] [io.github.apace100.origins.Origins/]: All instances of origin custom_origins:umbrakin failed to load. Skipped
[09Jan2026 20:08:16.006] [Server thread/INFO] [placebo/]: Registered 28 gear_sets.
[09Jan2026 20:08:16.007] [Server thread/INFO] [Apotheosis : Enchantment/]: Registered 30 enchanting_stats.
[09Jan2026 20:08:16.009] [Server thread/INFO] [Apotheosis : Adventure/]: Registered 6 rarities.
[09Jan2026 20:08:16.015] [Server thread/INFO] [Apotheosis : Adventure/]: Registered 87 affixes.
[09Jan2026 20:08:16.016] [Server thread/WARN] [Apotheosis : Adventure/]: Insufficient number of affixes to satisfy the loot rules (ignoring backup rules) of rarity apotheosis:mythic for category helmetRequired: 3; Provided: 2
[09Jan2026 20:08:16.017] [Server thread/WARN] [Apotheosis : Adventure/]: Insufficient number of affixes to satisfy the loot rules (ignoring backup rules) of rarity apotheosis:mythic for category bootsRequired: 3; Provided: 2
[09Jan2026 20:08:16.017] [Server thread/WARN] [Apotheosis : Adventure/]: Insufficient number of affixes to satisfy the loot rules (ignoring backup rules) of rarity apotheosis:ancient for category bowRequired: 5; Provided: 4
[09Jan2026 20:08:16.018] [Server thread/WARN] [Apotheosis : Adventure/]: Insufficient number of affixes to satisfy the loot rules (ignoring backup rules) of rarity apotheosis:ancient for category crossbowRequired: 5; Provided: 4
[09Jan2026 20:08:16.018] [Server thread/WARN] [Apotheosis : Adventure/]: Insufficient number of affixes to satisfy the loot rules (ignoring backup rules) of rarity apotheosis:ancient for category pickaxeRequired: 5; Provided: 4
[09Jan2026 20:08:16.018] [Server thread/WARN] [Apotheosis : Adventure/]: Insufficient number of affixes to satisfy the loot rules (ignoring backup rules) of rarity apotheosis:ancient for category shovelRequired: 5; Provided: 4
[09Jan2026 20:08:16.019] [Server thread/WARN] [Apotheosis : Adventure/]: Insufficient number of affixes to satisfy the loot rules (ignoring backup rules) of rarity apotheosis:ancient for category helmetRequired: 4; Provided: 2
[09Jan2026 20:08:16.019] [Server thread/WARN] [Apotheosis : Adventure/]: Insufficient number of affixes to satisfy the loot rules (ignoring backup rules) of rarity apotheosis:ancient for category bootsRequired: 4; Provided: 2
[09Jan2026 20:08:16.031] [Server thread/INFO] [Apotheosis : Adventure/]: Registered 34 gems.
[09Jan2026 20:08:16.037] [Server thread/INFO] [Apotheosis : Adventure/]: Registered 100 affix_loot_entries.
[09Jan2026 20:08:16.044] [Server thread/INFO] [Apotheosis : Adventure/]: Registered 24 bosses.
[09Jan2026 20:08:16.046] [Server thread/INFO] [Apotheosis : Adventure/]: Registered 8 rogue_spawners.
[09Jan2026 20:08:16.048] [Server thread/INFO] [Apotheosis : Adventure/]: Registered 5 minibosses.
[09Jan2026 20:08:16.051] [Server thread/INFO] [Apotheosis : Village/]: Registered 29 wanderer_trades.
[09Jan2026 20:08:16.260] [Server thread/INFO] [puffish_skills/]: [puffish_skills] Mod configuration loaded successfully!
[09Jan2026 20:08:16.266] [Server thread/INFO] [puffish_skills/]: [puffish_skills] Data pack `irons_spells_skill_tree` loaded successfully!
[09Jan2026 20:08:16.277] [Server thread/INFO] [puffish_skills/]: [puffish_skills] Data pack `puffish_skills` loaded successfully!
[09Jan2026 20:08:16.420] [Server thread/INFO] [immersiveengineering/]: Couldn't fully analyze 1 divine_chestplate, missing knowledge for {1 robe_chestplate=1.0}
[09Jan2026 20:08:16.420] [Server thread/INFO] [immersiveengineering/]: Couldn't fully analyze 1 divine_helmet, missing knowledge for {1 robe_helmet=1.0}
[09Jan2026 20:08:16.421] [Server thread/INFO] [immersiveengineering/]: Couldn't fully analyze 1 titano_serpant_armor_leggings, missing knowledge for {1 netherite_leggings=1.0}
[09Jan2026 20:08:16.421] [Server thread/INFO] [immersiveengineering/]: Couldn't fully analyze 1 divine_boots, missing knowledge for {1 robe_boots=1.0}
[09Jan2026 20:08:16.421] [Server thread/INFO] [immersiveengineering/]: Couldn't fully analyze 1 warrior_chestplate, missing knowledge for {1 leather_chestplate=1.0}
[09Jan2026 20:08:16.422] [Server thread/INFO] [immersiveengineering/]: Couldn't fully analyze 1 warrior_boots, missing knowledge for {1 leather_boots=1.0}
[09Jan2026 20:08:16.422] [Server thread/INFO] [immersiveengineering/]: Couldn't fully analyze 1 wither_chestplate, missing knowledge for {1 bone_chestplate=1.0}
[09Jan2026 20:08:16.422] [Server thread/INFO] [immersiveengineering/]: Couldn't fully analyze 1 paladin_chestplate, missing knowledge for {1 priest_chestplate=1.0}
[09Jan2026 20:08:16.423] [Server thread/INFO] [immersiveengineering/]: Couldn't fully analyze 1 warrior_helmet, missing knowledge for {1 leather_helmet=1.0}
[09Jan2026 20:08:16.423] [Server thread/INFO] [immersiveengineering/]: Couldn't fully analyze 1 radiator, missing knowledge for {1 water_bucket=0.25}
[09Jan2026 20:08:16.423] [Server thread/INFO] [immersiveengineering/]: Couldn't fully analyze 1 warrior_leggings, missing knowledge for {1 leather_leggings=1.0}
[09Jan2026 20:08:16.424] [Server thread/INFO] [immersiveengineering/]: Couldn't fully analyze 1 wither_helmet, missing knowledge for {1 bone_helmet=1.0}
[09Jan2026 20:08:16.424] [Server thread/INFO] [immersiveengineering/]: Couldn't fully analyze 1 divine_leggings, missing knowledge for {1 robe_leggings=1.0}
[09Jan2026 20:08:16.424] [Server thread/INFO] [immersiveengineering/]: Couldn't fully analyze 1 titano_serpant_armor_chestplate, missing knowledge for {1 netherite_chestplate=1.0}
[09Jan2026 20:08:16.425] [Server thread/INFO] [immersiveengineering/]: Couldn't fully analyze 1 righteous_relic, missing knowledge for {1 dormant_relic=1.0}
[09Jan2026 20:08:16.425] [Server thread/INFO] [immersiveengineering/]: Couldn't fully analyze 1 wither_boots, missing knowledge for {1 bone_boots=1.0}
[09Jan2026 20:08:16.425] [Server thread/INFO] [immersiveengineering/]: Couldn't fully analyze 1 infernal_sorcerer_chestplate, missing knowledge for {1 pyromancer_chestplate=1.0}
[09Jan2026 20:08:16.426] [Server thread/INFO] [immersiveengineering/]: Couldn't fully analyze 1 wither_leggings, missing knowledge for {1 bone_leggings=1.0}
[09Jan2026 20:08:16.426] [Server thread/INFO] [immersiveengineering/]: Finished recipe profiler for Arc Recycling, took 110 milliseconds
[09Jan2026 20:08:16.466] [Server thread/WARN] [net.minecraft.server.MinecraftServer/]: Can't keep up! Is the server overloaded? Running 12994ms or 259 ticks behind
[09Jan2026 20:08:16.580] [Netty Server IO #8/INFO] [immersiveengineering/]: Recipes for potions: minecraft:slow_falling, apotheosis:strong_sundering, apotheosis:long_vitality, minecraft:strong_leaping, potionsmaster:gold_sight, undergarden:strong_brittleness, potionsmaster:vibranium_sight, undergarden:brittleness, irons_spellbooks:instant_mana_three, deeperdarker:sculk_affinity, undergarden:featherweight, minecraft:strong_turtle_master, potionsmaster:uranium_sight, friendsandfoes:strong_reaching, potionsmaster:copper_sight, minecraft:long_turtle_master, minecraft:long_regeneration, minecraft:long_invisibility, alexscaves:deepsight, friendsandfoes:long_reaching, potionsmaster:lapis_sight, alexsmobs:long_lava_vision, alexsmobs:bug_pheromones, alexscaves:strong_haste, friendsandfoes:reaching, potionsmaster:netherite_sight, minecraft:slowness, apotheosis:strong_haste, alexsmobs:strong_knockback_resistance, potionsmaster:platinum_sight, minecraft:strong_swiftness, apotheosis:strong_resistance, potionsmaster:emerald_sight, alexsmobs:soulsteal, minecraft:long_fire_resistance, minecraft:strong_harming, undergarden:long_glowing, undergarden:long_brittleness, potionsmaster:nickel_sight, minecraft:fire_resistance, potionsmaster:silver_sight, apotheosis:resistance, apotheosis:strong_fatigue, potionsmaster:osmium_sight, minecraft:night_vision, minecraft:invisibility, apotheosis:long_sundering, irons_spellbooks:instant_mana_two, minecraft:long_slow_falling, potionsmaster:diamond_sight, minecraft:swiftness, undergarden:long_virulent_resistance, minecraft:long_slowness, apotheosis:long_fatigue, apotheosis:long_grievous, apotheosis:flying, potionsmaster:aluminum_sight, potionsmaster:zinc_sight, alexscaves:long_deepsight, alexscaves:long_sugar_rush, mowziesmobs:long_poison_resist, apotheosis:long_flying, minecraft:strong_slowness, apotheosis:strong_knowledge, alexsmobs:speed_iii, potionsmaster:coal_sight, apotheosis:long_wither, undergarden:long_featherweight, apotheosis:long_haste, potionsmaster:bismuth_sight, deeperdarker:long_sculk_affinity, alexsmobs:strong_soulsteal, apotheosis:long_knowledge, apotheosis:levitation, minecraft:turtle_master, apotheosis:sundering, minecraft:leaping, potionsmaster:unobtainium_sight, undergarden:virulent_resistance, minecraft:long_night_vision, apotheosis:knowledge, alexsmobs:long_bug_pheromones, potionsmaster:redstone_sight, mowziesmobs:poison_resist, undergarden:glowing, apotheosis:wither, minecraft:weakness, alexsmobs:poison_resistance, minecraft:long_leaping, minecraft:long_poison, potionsmaster:crimsoniron_sight, apotheosis:strong_vitality, potionsmaster:iron_sight, alexsmobs:long_clinging, alexscaves:magnetizing, minecraft:poison, minecraft:strong_strength, minecraft:strong_poison, apotheosis:vitality, potionsmaster:quartz_sight, minecraft:regeneration, minecraft:strength, potionsmaster:lead_sight, minecraft:awkward, apotheosis:strong_absorption, alexsmobs:lava_vision, minecraft:harming, minecraft:long_water_breathing, minecraft:water, minecraft:healing, minecraft:water_breathing, alexscaves:long_glowing, irons_spellbooks:instant_mana_one, potionsmaster:allthemodium_sight, minecraft:strong_healing, apotheosis:absorption, alexsmobs:clinging, apotheosis:fatigue, irons_spellbooks:instant_mana_four, alexsmobs:long_soulsteal, apotheosis:strong_grievous, undergarden:strong_featherweight, alexsmobs:long_poison_resistance, potionsmaster:tin_sight, minecraft:long_swiftness, minecraft:strong_regeneration, alexscaves:sugar_rush, alexsmobs:long_knockback_resistance, minecraft:long_weakness, alexscaves:long_magnetizing, apotheosis:strong_wither, alexscaves:haste, apotheosis:extra_long_flying, minecraft:luck, alexscaves:glowing, apotheosis:haste, minecraft:long_strength, alexsmobs:knockback_resistance, apotheosis:long_resistance, apotheosis:long_absorption, alexscaves:long_haste, apotheosis:grievous
[09Jan2026 20:09:05.009] [Server thread/INFO] [net.minecraft.server.MinecraftServer/]: [BobaKrefit: Set origin of BobaKrefit in layer Origin to .]
[09Jan2026 20:28:23.247] [Server thread/INFO] [net.minecraft.server.MinecraftServer/]: [BobaKrefit: Set origin of BobaKrefit in layer Origin to .]
[09Jan2026 20:28:26.566] [Server thread/INFO] [net.minecraft.server.MinecraftServer/]: [BobaKrefit: Gave 1 [Orb of Origin] to BobaKrefit]
[09Jan2026 20:28:29.234] [Server thread/INFO] [net.minecraft.server.MinecraftServer/]: [BobaKrefit: Reloading!]
[09Jan2026 20:28:29.246] [Server thread/INFO] [Moonlight/]: Starting runtime resource generation for pack type SERVER_DATA with generators from mods []: []
[09Jan2026 20:28:29.247] [Server thread/INFO] [Moonlight/]: Finished runtime resources generation for 0 packs in a total of 0 ms
[09Jan2026 20:28:29.251] [Server thread/INFO] [com.github.alexthe666.alexsmobs.AlexsMobs/]: Adding datapack listener capsid_recipes
[09Jan2026 20:28:34.591] [Worker-ResourceReload-13/ERROR] [net.minecraftforge.common.ForgeHooks/]: Couldn't parse element loot_tables:irons_spellbooks:chests/citadel/citadel_tomes
com.google.gson.JsonSyntaxException: Unknown type 'minecraft:set_written_book_pages'
	at net.minecraft.world.level.storage.loot.GsonAdapterFactory$JsonAdapter.deserialize(GsonAdapterFactory.java:99) ~[server-1.20.1-20230612.114412-srg.jar%23425!/:?]
	at com.google.gson.internal.bind.TreeTypeAdapter.read(TreeTypeAdapter.java:76) ~[gson-2.10.jar%2372!/:?]
	at com.google.gson.internal.bind.TypeAdapterRuntimeTypeWrapper.read(TypeAdapterRuntimeTypeWrapper.java:40) ~[gson-2.10.jar%2372!/:?]
	at com.google.gson.internal.bind.ArrayTypeAdapter.read(ArrayTypeAdapter.java:72) ~[gson-2.10.jar%2372!/:?]
	at com.google.gson.Gson.fromJson(Gson.java:1214) ~[gson-2.10.jar%2372!/:?]
	at com.google.gson.Gson.fromJson(Gson.java:1319) ~[gson-2.10.jar%2372!/:?]
	at com.google.gson.Gson.fromJson(Gson.java:1290) ~[gson-2.10.jar%2372!/:?]
	at com.google.gson.internal.bind.TreeTypeAdapter$GsonContextImpl.deserialize(TreeTypeAdapter.java:179) ~[gson-2.10.jar%2372!/:?]
	at net.minecraft.util.GsonHelper.m_13808_(GsonHelper.java:463) ~[server-1.20.1-20230612.114412-srg.jar%23425!/:?]
	at net.minecraft.util.GsonHelper.m_13845_(GsonHelper.java:481) ~[server-1.20.1-20230612.114412-srg.jar%23425!/:?]
	at net.minecraft.world.level.storage.loot.entries.LootPoolSingletonContainer$Serializer.m_5921_(LootPoolSingletonContainer.java:149) ~[server-1.20.1-20230612.114412-srg.jar%23425!/:?]
	at net.minecraft.world.level.storage.loot.entries.LootPoolSingletonContainer$Serializer.m_5921_(LootPoolSingletonContainer.java:129) ~[server-1.20.1-20230612.114412-srg.jar%23425!/:?]
	at net.minecraft.world.level.storage.loot.entries.LootPoolEntryContainer$Serializer.m_7561_(LootPoolEntryContainer.java:86) ~[server-1.20.1-20230612.114412-srg.jar%23425!/:?]
	at net.minecraft.world.level.storage.loot.entries.LootPoolEntryContainer$Serializer.m_7561_(LootPoolEntryContainer.java:74) ~[server-1.20.1-20230612.114412-srg.jar%23425!/:?]
	at net.minecraft.world.level.storage.loot.GsonAdapterFactory$JsonAdapter.deserialize(GsonAdapterFactory.java:102) ~[server-1.20.1-20230612.114412-srg.jar%23425!/:?]
	at com.google.gson.internal.bind.TreeTypeAdapter.read(TreeTypeAdapter.java:76) ~[gson-2.10.jar%2372!/:?]
	at com.google.gson.internal.bind.TypeAdapterRuntimeTypeWrapper.read(TypeAdapterRuntimeTypeWrapper.java:40) ~[gson-2.10.jar%2372!/:?]
	at com.google.gson.internal.bind.ArrayTypeAdapter.read(ArrayTypeAdapter.java:72) ~[gson-2.10.jar%2372!/:?]
	at com.google.gson.Gson.fromJson(Gson.java:1214) ~[gson-2.10.jar%2372!/:?]
	at com.google.gson.Gson.fromJson(Gson.java:1319) ~[gson-2.10.jar%2372!/:?]
	at com.google.gson.Gson.fromJson(Gson.java:1290) ~[gson-2.10.jar%2372!/:?]
	at com.google.gson.internal.bind.TreeTypeAdapter$GsonContextImpl.deserialize(TreeTypeAdapter.java:179) ~[gson-2.10.jar%2372!/:?]
	at net.minecraft.util.GsonHelper.m_13808_(GsonHelper.java:463) ~[server-1.20.1-20230612.114412-srg.jar%23425!/:?]
	at net.minecraft.util.GsonHelper.m_13836_(GsonHelper.java:471) ~[server-1.20.1-20230612.114412-srg.jar%23425!/:?]
	at net.minecraft.world.level.storage.loot.LootPool$Serializer.deserialize(LootPool.java:192) ~[server-1.20.1-20230612.114412-srg.jar%23425!/:?]
	at net.minecraft.world.level.storage.loot.LootPool$Serializer.deserialize(LootPool.java:189) ~[server-1.20.1-20230612.114412-srg.jar%23425!/:?]
	at com.google.gson.internal.bind.TreeTypeAdapter.read(TreeTypeAdapter.java:76) ~[gson-2.10.jar%2372!/:?]
	at com.google.gson.internal.bind.TypeAdapterRuntimeTypeWrapper.read(TypeAdapterRuntimeTypeWrapper.java:40) ~[gson-2.10.jar%2372!/:?]
	at com.google.gson.internal.bind.ArrayTypeAdapter.read(ArrayTypeAdapter.java:72) ~[gson-2.10.jar%2372!/:?]
	at com.google.gson.Gson.fromJson(Gson.java:1214) ~[gson-2.10.jar%2372!/:?]
	at com.google.gson.Gson.fromJson(Gson.java:1319) ~[gson-2.10.jar%2372!/:?]
	at com.google.gson.Gson.fromJson(Gson.java:1290) ~[gson-2.10.jar%2372!/:?]
	at com.google.gson.internal.bind.TreeTypeAdapter$GsonContextImpl.deserialize(TreeTypeAdapter.java:179) ~[gson-2.10.jar%2372!/:?]
	at net.minecraft.util.GsonHelper.m_13808_(GsonHelper.java:463) ~[server-1.20.1-20230612.114412-srg.jar%23425!/:?]
	at net.minecraft.util.GsonHelper.m_13845_(GsonHelper.java:481) ~[server-1.20.1-20230612.114412-srg.jar%23425!/:?]
	at net.minecraft.world.level.storage.loot.LootTable$Serializer.deserialize(LootTable.java:294) ~[server-1.20.1-20230612.114412-srg.jar%23425!/:?]
	at net.minecraft.world.level.storage.loot.LootTable$Serializer.deserialize(LootTable.java:291) ~[server-1.20.1-20230612.114412-srg.jar%23425!/:?]
	at com.google.gson.internal.bind.TreeTypeAdapter.read(TreeTypeAdapter.java:76) ~[gson-2.10.jar%2372!/:?]
	at com.google.gson.Gson.fromJson(Gson.java:1214) ~[gson-2.10.jar%2372!/:?]
	at com.google.gson.Gson.fromJson(Gson.java:1319) ~[gson-2.10.jar%2372!/:?]
	at com.google.gson.Gson.fromJson(Gson.java:1261) ~[gson-2.10.jar%2372!/:?]
	at net.minecraftforge.common.ForgeHooks.loadLootTable(ForgeHooks.java:871) ~[forge-1.20.1-47.4.0-universal.jar%23430!/:?]
	at net.minecraftforge.common.ForgeHooks.lambda$getLootTableDeserializer$3(ForgeHooks.java:848) ~[forge-1.20.1-47.4.0-universal.jar%23430!/:?]
	at net.minecraft.world.level.storage.loot.LootDataType.deserialize(LootDataType.java:45) ~[server-1.20.1-20230612.114412-srg.jar%23425!/:?]
	at net.minecraft.world.level.storage.loot.LootDataManager.lambda$scheduleElementParse$4(LootDataManager.java:56) ~[server-1.20.1-20230612.114412-srg.jar%23425!/:?]
	at java.util.HashMap.forEach(HashMap.java:1421) ~[?:?]
	at net.minecraft.world.level.storage.loot.LootDataManager.m_278660_(LootDataManager.java:55) ~[server-1.20.1-20230612.114412-srg.jar%23425!/:?]
	at java.util.concurrent.CompletableFuture$AsyncRun.run(CompletableFuture.java:1804) ~[?:?]
	at java.util.concurrent.CompletableFuture$AsyncRun.exec(CompletableFuture.java:1796) ~[?:?]
	at java.util.concurrent.ForkJoinTask.doExec(ForkJoinTask.java:373) ~[?:?]
	at java.util.concurrent.ForkJoinPool$WorkQueue.topLevelExec(ForkJoinPool.java:1182) ~[?:?]
	at java.util.concurrent.ForkJoinPool.scan(ForkJoinPool.java:1655) ~[?:?]
	at java.util.concurrent.ForkJoinPool.runWorker(ForkJoinPool.java:1622) ~[?:?]
	at java.util.concurrent.ForkJoinWorkerThread.run(ForkJoinWorkerThread.java:165) ~[?:?]
[09Jan2026 20:28:37.009] [Worker-ResourceReload-13/ERROR] [net.minecraftforge.common.ForgeHooks/]: Couldn't parse element loot_tables:traveloptics:chests/abyssal_ruins_additions
com.google.gson.JsonSyntaxException: Expected name to be an item, was unknown string 'traveloptics:augment_chaos_epic'
	at net.minecraft.util.GsonHelper.m_13866_(GsonHelper.java:145) ~[server-1.20.1-20230612.114412-srg.jar%23425!/:?]
	at java.util.Optional.orElseThrow(Optional.java:403) ~[?:?]
	at net.minecraft.util.GsonHelper.m_13874_(GsonHelper.java:145) ~[server-1.20.1-20230612.114412-srg.jar%23425!/:?]
	at net.minecraft.util.GsonHelper.m_13909_(GsonHelper.java:153) ~[server-1.20.1-20230612.114412-srg.jar%23425!/:?]
	at net.minecraft.world.level.storage.loot.entries.LootItem$Serializer.m_7267_(LootItem.java:55) ~[server-1.20.1-20230612.114412-srg.jar%23425!/:?]
	at net.minecraft.world.level.storage.loot.entries.LootItem$Serializer.m_7267_(LootItem.java:40) ~[server-1.20.1-20230612.114412-srg.jar%23425!/:?]
	at net.minecraft.world.level.storage.loot.entries.LootPoolSingletonContainer$Serializer.m_5921_(LootPoolSingletonContainer.java:151) ~[server-1.20.1-20230612.114412-srg.jar%23425!/:?]
	at net.minecraft.world.level.storage.loot.entries.LootPoolSingletonContainer$Serializer.m_5921_(LootPoolSingletonContainer.java:129) ~[server-1.20.1-20230612.114412-srg.jar%23425!/:?]
	at net.minecraft.world.level.storage.loot.entries.LootPoolEntryContainer$Serializer.m_7561_(LootPoolEntryContainer.java:86) ~[server-1.20.1-20230612.114412-srg.jar%23425!/:?]
	at net.minecraft.world.level.storage.loot.entries.LootPoolEntryContainer$Serializer.m_7561_(LootPoolEntryContainer.java:74) ~[server-1.20.1-20230612.114412-srg.jar%23425!/:?]
	at net.minecraft.world.level.storage.loot.GsonAdapterFactory$JsonAdapter.deserialize(GsonAdapterFactory.java:102) ~[server-1.20.1-20230612.114412-srg.jar%23425!/:?]
	at com.google.gson.internal.bind.TreeTypeAdapter.read(TreeTypeAdapter.java:76) ~[gson-2.10.jar%2372!/:?]
	at com.google.gson.internal.bind.TypeAdapterRuntimeTypeWrapper.read(TypeAdapterRuntimeTypeWrapper.java:40) ~[gson-2.10.jar%2372!/:?]
	at com.google.gson.internal.bind.ArrayTypeAdapter.read(ArrayTypeAdapter.java:72) ~[gson-2.10.jar%2372!/:?]
	at com.google.gson.Gson.fromJson(Gson.java:1214) ~[gson-2.10.jar%2372!/:?]
	at com.google.gson.Gson.fromJson(Gson.java:1319) ~[gson-2.10.jar%2372!/:?]
	at com.google.gson.Gson.fromJson(Gson.java:1290) ~[gson-2.10.jar%2372!/:?]
	at com.google.gson.internal.bind.TreeTypeAdapter$GsonContextImpl.deserialize(TreeTypeAdapter.java:179) ~[gson-2.10.jar%2372!/:?]
	at net.minecraft.util.GsonHelper.m_13808_(GsonHelper.java:463) ~[server-1.20.1-20230612.114412-srg.jar%23425!/:?]
	at net.minecraft.util.GsonHelper.m_13836_(GsonHelper.java:471) ~[server-1.20.1-20230612.114412-srg.jar%23425!/:?]
	at net.minecraft.world.level.storage.loot.LootPool$Serializer.deserialize(LootPool.java:192) ~[server-1.20.1-20230612.114412-srg.jar%23425!/:?]
	at net.minecraft.world.level.storage.loot.LootPool$Serializer.deserialize(LootPool.java:189) ~[server-1.20.1-20230612.114412-srg.jar%23425!/:?]
	at com.google.gson.internal.bind.TreeTypeAdapter.read(TreeTypeAdapter.java:76) ~[gson-2.10.jar%2372!/:?]
	at com.google.gson.internal.bind.TypeAdapterRuntimeTypeWrapper.read(TypeAdapterRuntimeTypeWrapper.java:40) ~[gson-2.10.jar%2372!/:?]
	at com.google.gson.internal.bind.ArrayTypeAdapter.read(ArrayTypeAdapter.java:72) ~[gson-2.10.jar%2372!/:?]
	at com.google.gson.Gson.fromJson(Gson.java:1214) ~[gson-2.10.jar%2372!/:?]
	at com.google.gson.Gson.fromJson(Gson.java:1319) ~[gson-2.10.jar%2372!/:?]
	at com.google.gson.Gson.fromJson(Gson.java:1290) ~[gson-2.10.jar%2372!/:?]
	at com.google.gson.internal.bind.TreeTypeAdapter$GsonContextImpl.deserialize(TreeTypeAdapter.java:179) ~[gson-2.10.jar%2372!/:?]
	at net.minecraft.util.GsonHelper.m_13808_(GsonHelper.java:463) ~[server-1.20.1-20230612.114412-srg.jar%23425!/:?]
	at net.minecraft.util.GsonHelper.m_13845_(GsonHelper.java:481) ~[server-1.20.1-20230612.114412-srg.jar%23425!/:?]
	at net.minecraft.world.level.storage.loot.LootTable$Serializer.deserialize(LootTable.java:294) ~[server-1.20.1-20230612.114412-srg.jar%23425!/:?]
	at net.minecraft.world.level.storage.loot.LootTable$Serializer.deserialize(LootTable.java:291) ~[server-1.20.1-20230612.114412-srg.jar%23425!/:?]
	at com.google.gson.internal.bind.TreeTypeAdapter.read(TreeTypeAdapter.java:76) ~[gson-2.10.jar%2372!/:?]
	at com.google.gson.Gson.fromJson(Gson.java:1214) ~[gson-2.10.jar%2372!/:?]
	at com.google.gson.Gson.fromJson(Gson.java:1319) ~[gson-2.10.jar%2372!/:?]
	at com.google.gson.Gson.fromJson(Gson.java:1261) ~[gson-2.10.jar%2372!/:?]
	at net.minecraftforge.common.ForgeHooks.loadLootTable(ForgeHooks.java:871) ~[forge-1.20.1-47.4.0-universal.jar%23430!/:?]
	at net.minecraftforge.common.ForgeHooks.lambda$getLootTableDeserializer$3(ForgeHooks.java:848) ~[forge-1.20.1-47.4.0-universal.jar%23430!/:?]
	at net.minecraft.world.level.storage.loot.LootDataType.deserialize(LootDataType.java:45) ~[server-1.20.1-20230612.114412-srg.jar%23425!/:?]
	at net.minecraft.world.level.storage.loot.LootDataManager.lambda$scheduleElementParse$4(LootDataManager.java:56) ~[server-1.20.1-20230612.114412-srg.jar%23425!/:?]
	at java.util.HashMap.forEach(HashMap.java:1421) ~[?:?]
	at net.minecraft.world.level.storage.loot.LootDataManager.m_278660_(LootDataManager.java:55) ~[server-1.20.1-20230612.114412-srg.jar%23425!/:?]
	at java.util.concurrent.CompletableFuture$AsyncRun.run(CompletableFuture.java:1804) ~[?:?]
	at java.util.concurrent.CompletableFuture$AsyncRun.exec(CompletableFuture.java:1796) ~[?:?]
	at java.util.concurrent.ForkJoinTask.doExec(ForkJoinTask.java:373) ~[?:?]
	at java.util.concurrent.ForkJoinPool$WorkQueue.topLevelExec(ForkJoinPool.java:1182) ~[?:?]
	at java.util.concurrent.ForkJoinPool.scan(ForkJoinPool.java:1655) ~[?:?]
	at java.util.concurrent.ForkJoinPool.runWorker(ForkJoinPool.java:1622) ~[?:?]
	at java.util.concurrent.ForkJoinWorkerThread.run(ForkJoinWorkerThread.java:165) ~[?:?]
[09Jan2026 20:28:38.509] [Worker-ResourceReload-13/ERROR] [net.minecraftforge.common.ForgeHooks/]: Couldn't parse element loot_tables:irons_spellbooks:chests/trial_chambers/additional_ominous_vault_loot
com.google.gson.JsonSyntaxException: Expected name to be an item, was unknown string 'irons_spellbooks:expulsion_ring'
	at net.minecraft.util.GsonHelper.m_13866_(GsonHelper.java:145) ~[server-1.20.1-20230612.114412-srg.jar%23425!/:?]
	at java.util.Optional.orElseThrow(Optional.java:403) ~[?:?]
	at net.minecraft.util.GsonHelper.m_13874_(GsonHelper.java:145) ~[server-1.20.1-20230612.114412-srg.jar%23425!/:?]
	at net.minecraft.util.GsonHelper.m_13909_(GsonHelper.java:153) ~[server-1.20.1-20230612.114412-srg.jar%23425!/:?]
	at net.minecraft.world.level.storage.loot.entries.LootItem$Serializer.m_7267_(LootItem.java:55) ~[server-1.20.1-20230612.114412-srg.jar%23425!/:?]
	at net.minecraft.world.level.storage.loot.entries.LootItem$Serializer.m_7267_(LootItem.java:40) ~[server-1.20.1-20230612.114412-srg.jar%23425!/:?]
	at net.minecraft.world.level.storage.loot.entries.LootPoolSingletonContainer$Serializer.m_5921_(LootPoolSingletonContainer.java:151) ~[server-1.20.1-20230612.114412-srg.jar%23425!/:?]
	at net.minecraft.world.level.storage.loot.entries.LootPoolSingletonContainer$Serializer.m_5921_(LootPoolSingletonContainer.java:129) ~[server-1.20.1-20230612.114412-srg.jar%23425!/:?]
	at net.minecraft.world.level.storage.loot.entries.LootPoolEntryContainer$Serializer.m_7561_(LootPoolEntryContainer.java:86) ~[server-1.20.1-20230612.114412-srg.jar%23425!/:?]
	at net.minecraft.world.level.storage.loot.entries.LootPoolEntryContainer$Serializer.m_7561_(LootPoolEntryContainer.java:74) ~[server-1.20.1-20230612.114412-srg.jar%23425!/:?]
	at net.minecraft.world.level.storage.loot.GsonAdapterFactory$JsonAdapter.deserialize(GsonAdapterFactory.java:102) ~[server-1.20.1-20230612.114412-srg.jar%23425!/:?]
	at com.google.gson.internal.bind.TreeTypeAdapter.read(TreeTypeAdapter.java:76) ~[gson-2.10.jar%2372!/:?]
	at com.google.gson.internal.bind.TypeAdapterRuntimeTypeWrapper.read(TypeAdapterRuntimeTypeWrapper.java:40) ~[gson-2.10.jar%2372!/:?]
	at com.google.gson.internal.bind.ArrayTypeAdapter.read(ArrayTypeAdapter.java:72) ~[gson-2.10.jar%2372!/:?]
	at com.google.gson.Gson.fromJson(Gson.java:1214) ~[gson-2.10.jar%2372!/:?]
	at com.google.gson.Gson.fromJson(Gson.java:1319) ~[gson-2.10.jar%2372!/:?]
	at com.google.gson.Gson.fromJson(Gson.java:1290) ~[gson-2.10.jar%2372!/:?]
	at com.google.gson.internal.bind.TreeTypeAdapter$GsonContextImpl.deserialize(TreeTypeAdapter.java:179) ~[gson-2.10.jar%2372!/:?]
	at net.minecraft.util.GsonHelper.m_13808_(GsonHelper.java:463) ~[server-1.20.1-20230612.114412-srg.jar%23425!/:?]
	at net.minecraft.util.GsonHelper.m_13836_(GsonHelper.java:471) ~[server-1.20.1-20230612.114412-srg.jar%23425!/:?]
	at net.minecraft.world.level.storage.loot.LootPool$Serializer.deserialize(LootPool.java:192) ~[server-1.20.1-20230612.114412-srg.jar%23425!/:?]
	at net.minecraft.world.level.storage.loot.LootPool$Serializer.deserialize(LootPool.java:189) ~[server-1.20.1-20230612.114412-srg.jar%23425!/:?]
	at com.google.gson.internal.bind.TreeTypeAdapter.read(TreeTypeAdapter.java:76) ~[gson-2.10.jar%2372!/:?]
	at com.google.gson.internal.bind.TypeAdapterRuntimeTypeWrapper.read(TypeAdapterRuntimeTypeWrapper.java:40) ~[gson-2.10.jar%2372!/:?]
	at com.google.gson.internal.bind.ArrayTypeAdapter.read(ArrayTypeAdapter.java:72) ~[gson-2.10.jar%2372!/:?]
	at com.google.gson.Gson.fromJson(Gson.java:1214) ~[gson-2.10.jar%2372!/:?]
	at com.google.gson.Gson.fromJson(Gson.java:1319) ~[gson-2.10.jar%2372!/:?]
	at com.google.gson.Gson.fromJson(Gson.java:1290) ~[gson-2.10.jar%2372!/:?]
	at com.google.gson.internal.bind.TreeTypeAdapter$GsonContextImpl.deserialize(TreeTypeAdapter.java:179) ~[gson-2.10.jar%2372!/:?]
	at net.minecraft.util.GsonHelper.m_13808_(GsonHelper.java:463) ~[server-1.20.1-20230612.114412-srg.jar%23425!/:?]
	at net.minecraft.util.GsonHelper.m_13845_(GsonHelper.java:481) ~[server-1.20.1-20230612.114412-srg.jar%23425!/:?]
	at net.minecraft.world.level.storage.loot.LootTable$Serializer.deserialize(LootTable.java:294) ~[server-1.20.1-20230612.114412-srg.jar%23425!/:?]
	at net.minecraft.world.level.storage.loot.LootTable$Serializer.deserialize(LootTable.java:291) ~[server-1.20.1-20230612.114412-srg.jar%23425!/:?]
	at com.google.gson.internal.bind.TreeTypeAdapter.read(TreeTypeAdapter.java:76) ~[gson-2.10.jar%2372!/:?]
	at com.google.gson.Gson.fromJson(Gson.java:1214) ~[gson-2.10.jar%2372!/:?]
	at com.google.gson.Gson.fromJson(Gson.java:1319) ~[gson-2.10.jar%2372!/:?]
	at com.google.gson.Gson.fromJson(Gson.java:1261) ~[gson-2.10.jar%2372!/:?]
	at net.minecraftforge.common.ForgeHooks.loadLootTable(ForgeHooks.java:871) ~[forge-1.20.1-47.4.0-universal.jar%23430!/:?]
	at net.minecraftforge.common.ForgeHooks.lambda$getLootTableDeserializer$3(ForgeHooks.java:848) ~[forge-1.20.1-47.4.0-universal.jar%23430!/:?]
	at net.minecraft.world.level.storage.loot.LootDataType.deserialize(LootDataType.java:45) ~[server-1.20.1-20230612.114412-srg.jar%23425!/:?]
	at net.minecraft.world.level.storage.loot.LootDataManager.lambda$scheduleElementParse$4(LootDataManager.java:56) ~[server-1.20.1-20230612.114412-srg.jar%23425!/:?]
	at java.util.HashMap.forEach(HashMap.java:1421) ~[?:?]
	at net.minecraft.world.level.storage.loot.LootDataManager.m_278660_(LootDataManager.java:55) ~[server-1.20.1-20230612.114412-srg.jar%23425!/:?]
	at java.util.concurrent.CompletableFuture$AsyncRun.run(CompletableFuture.java:1804) ~[?:?]
	at java.util.concurrent.CompletableFuture$AsyncRun.exec(CompletableFuture.java:1796) ~[?:?]
	at java.util.concurrent.ForkJoinTask.doExec(ForkJoinTask.java:373) ~[?:?]
	at java.util.concurrent.ForkJoinPool$WorkQueue.topLevelExec(ForkJoinPool.java:1182) ~[?:?]
	at java.util.concurrent.ForkJoinPool.scan(ForkJoinPool.java:1655) ~[?:?]
	at java.util.concurrent.ForkJoinPool.runWorker(ForkJoinPool.java:1622) ~[?:?]
	at java.util.concurrent.ForkJoinWorkerThread.run(ForkJoinWorkerThread.java:165) ~[?:?]
[09Jan2026 20:28:40.225] [Server thread/WARN] [net.minecraft.world.level.storage.loot.LootDataManager/]: Found loot table element validation problem in {loot_tables:irons_spellbooks:chests/citadel/citadel_bookshelf}.pools[8].entries[0]: Unknown loot table called irons_spellbooks:chests/citadel/citadel_tomes
[09Jan2026 20:28:40.229] [Server thread/INFO] [placebo/]: Registered 34 additional loot tables.
[09Jan2026 20:28:40.246] [Server thread/ERROR] [net.minecraft.world.item.crafting.RecipeManager/]: Parsing error loading recipe create:milling/compat/biomesoplenty/tall_white_lavender: com.google.gson.JsonSyntaxException: Unknown item 'biomesoplenty:tall_white_lavender'
[09Jan2026 20:28:40.251] [Server thread/WARN] [com.simibubi.create.Create/]: Your custom createaddition:rolling/aluminum_plate recipe (createaddition:rolling/aluminum_plate) specified a duration. Durations have no impact on this type of recipe.
[09Jan2026 20:28:40.261] [Server thread/INFO] [net.minecraft.world.item.crafting.RecipeManager/]: Skipping loading recipe mob_grinding_utils:beheading/piglin as it's serializer returned null
[09Jan2026 20:28:40.266] [Server thread/INFO] [net.minecraft.world.item.crafting.RecipeManager/]: Skipping loading recipe twilightforest:jeed/hunger as it's serializer returned null
[09Jan2026 20:28:40.267] [Server thread/WARN] [com.simibubi.create.Create/]: Your custom createaddition:rolling/brass_ingot recipe (createaddition:rolling/brass_ingot) specified a duration. Durations have no impact on this type of recipe.
[09Jan2026 20:28:40.268] [Server thread/INFO] [net.minecraft.world.item.crafting.RecipeManager/]: Skipping loading recipe mob_grinding_utils:beheading/zombified_piglin_brute as it's serializer returned null
[09Jan2026 20:28:40.270] [Server thread/ERROR] [net.minecraft.world.item.crafting.RecipeManager/]: Parsing error loading recipe create:milling/compat/biomesoplenty/endbloom: com.google.gson.JsonSyntaxException: Unknown item 'biomesoplenty:endbloom'
[09Jan2026 20:28:40.270] [Server thread/ERROR] [net.minecraft.world.item.crafting.RecipeManager/]: Parsing error loading recipe kom:tremor_scale: com.google.gson.JsonSyntaxException: Unknown item 'alexcaves:radrock'
[09Jan2026 20:28:40.280] [Server thread/WARN] [com.simibubi.create.Create/]: Your custom createaddition:rolling/copper_ingot recipe (createaddition:rolling/copper_ingot) specified a duration. Durations have no impact on this type of recipe.
[09Jan2026 20:28:40.290] [Server thread/INFO] [net.minecraft.world.item.crafting.RecipeManager/]: Skipping loading recipe mob_grinding_utils:beheading/spider as it's serializer returned null
[09Jan2026 20:28:40.297] [Server thread/WARN] [com.simibubi.create.Create/]: Your custom createaddition:rolling/steel_plate recipe (createaddition:rolling/steel_plate) specified a duration. Durations have no impact on this type of recipe.
[09Jan2026 20:28:40.300] [Server thread/ERROR] [net.minecraft.world.item.crafting.RecipeManager/]: Parsing error loading recipe create:milling/compat/biomesoplenty/tiny_cactus: com.google.gson.JsonSyntaxException: Unknown item 'biomesoplenty:tiny_cactus'
[09Jan2026 20:28:40.313] [Server thread/INFO] [net.minecraft.world.item.crafting.RecipeManager/]: Skipping loading recipe twilightforest:jeed/poison as it's serializer returned null
[09Jan2026 20:28:40.322] [Server thread/WARN] [com.simibubi.create.Create/]: Your custom createaddition:rolling/steel_ingot recipe (createaddition:rolling/steel_ingot) specified a duration. Durations have no impact on this type of recipe.
[09Jan2026 20:28:40.324] [Server thread/INFO] [net.minecraft.world.item.crafting.RecipeManager/]: Skipping loading recipe mob_grinding_utils:beheading/blaze as it's serializer returned null
[09Jan2026 20:28:40.325] [Server thread/INFO] [net.minecraft.world.item.crafting.RecipeManager/]: Skipping loading recipe mob_grinding_utils:beheading/piglin_brute as it's serializer returned null
[09Jan2026 20:28:40.334] [Server thread/WARN] [com.simibubi.create.Create/]: Your custom createaddition:rolling/electrum_plate recipe (createaddition:rolling/electrum_plate) specified a duration. Durations have no impact on this type of recipe.
[09Jan2026 20:28:40.335] [Server thread/WARN] [com.simibubi.create.Create/]: Your custom createaddition:rolling/aluminum_ingot recipe (createaddition:rolling/aluminum_ingot) specified a duration. Durations have no impact on this type of recipe.
[09Jan2026 20:28:40.348] [Server thread/INFO] [net.minecraft.world.item.crafting.RecipeManager/]: Skipping loading recipe mob_grinding_utils:beheading/husk as it's serializer returned null
[09Jan2026 20:28:40.349] [Server thread/ERROR] [net.minecraft.world.item.crafting.RecipeManager/]: Parsing error loading recipe kom:cali_remote_crafting: com.google.gson.JsonSyntaxException: Unknown item 'ad_astra:calorite_plate'
[09Jan2026 20:28:40.350] [Server thread/ERROR] [net.minecraft.world.item.crafting.RecipeManager/]: Parsing error loading recipe kom:totem_of_swagger_recipe: com.google.gson.JsonSyntaxException: Unknown item 'iwannaskate:skateboard'
[09Jan2026 20:28:40.350] [Server thread/WARN] [com.simibubi.create.Create/]: Your custom createaddition:rolling/iron_plate recipe (createaddition:rolling/iron_plate) specified a duration. Durations have no impact on this type of recipe.
[09Jan2026 20:28:40.355] [Server thread/WARN] [com.simibubi.create.Create/]: Your custom createaddition:rolling/lead_plate recipe (createaddition:rolling/lead_plate) specified a duration. Durations have no impact on this type of recipe.
[09Jan2026 20:28:40.363] [Server thread/INFO] [net.minecraft.world.item.crafting.RecipeManager/]: Skipping loading recipe twilightforest:jeed/regeneration as it's serializer returned null
[09Jan2026 20:28:40.366] [Server thread/WARN] [com.simibubi.create.Create/]: Your custom createaddition:rolling/gold_plate recipe (createaddition:rolling/gold_plate) specified a duration. Durations have no impact on this type of recipe.
[09Jan2026 20:28:40.369] [Server thread/INFO] [net.minecraft.world.item.crafting.RecipeManager/]: Skipping loading recipe twilightforest:jeed/fire_resistance as it's serializer returned null
[09Jan2026 20:28:40.373] [Server thread/WARN] [com.simibubi.create.Create/]: Your custom createaddition:rolling/electrum_ingot recipe (createaddition:rolling/electrum_ingot) specified a duration. Durations have no impact on this type of recipe.
[09Jan2026 20:28:40.375] [Server thread/ERROR] [net.minecraft.world.item.crafting.RecipeManager/]: Parsing error loading recipe kom:nectra_crown_recipe: com.google.gson.JsonSyntaxException: Unknown item 'domesticationinnovation:collar_tag'
[09Jan2026 20:28:40.387] [Server thread/ERROR] [net.minecraft.world.item.crafting.RecipeManager/]: Parsing error loading recipe kom:sigil_of_rats: com.google.gson.JsonSyntaxException: Unknown item 'rats:block_of_nether_cheese'
[09Jan2026 20:28:40.389] [Server thread/INFO] [net.minecraft.world.item.crafting.RecipeManager/]: Skipping loading recipe mob_grinding_utils:beheading/drowned as it's serializer returned null
[09Jan2026 20:28:40.391] [Server thread/INFO] [net.minecraft.world.item.crafting.RecipeManager/]: Skipping loading recipe twilightforest:jeed/frosted as it's serializer returned null
[09Jan2026 20:28:40.403] [Server thread/WARN] [com.simibubi.create.Create/]: Your custom createaddition:rolling/iron_ingot recipe (createaddition:rolling/iron_ingot) specified a duration. Durations have no impact on this type of recipe.
[09Jan2026 20:28:40.406] [Server thread/ERROR] [net.minecraft.world.item.crafting.RecipeManager/]: Parsing error loading recipe kom:jade_plating_recipe: com.google.gson.JsonSyntaxException: Unknown item 'ad_astra:calorite_plate'
[09Jan2026 20:28:40.416] [Server thread/INFO] [net.minecraft.world.item.crafting.RecipeManager/]: Skipping loading recipe mob_grinding_utils:beheading/cave_spider as it's serializer returned null
[09Jan2026 20:28:40.426] [Server thread/WARN] [com.simibubi.create.Create/]: Your custom createaddition:rolling/gold_ingot recipe (createaddition:rolling/gold_ingot) specified a duration. Durations have no impact on this type of recipe.
[09Jan2026 20:28:40.427] [Server thread/INFO] [net.minecraft.world.item.crafting.RecipeManager/]: Skipping loading recipe twilightforest:jeed/blindness as it's serializer returned null
[09Jan2026 20:28:40.428] [Server thread/WARN] [com.simibubi.create.Create/]: Your custom createaddition:rolling/straw recipe (createaddition:rolling/straw) specified a duration. Durations have no impact on this type of recipe.
[09Jan2026 20:28:40.439] [Server thread/ERROR] [net.minecraft.world.item.crafting.RecipeManager/]: Parsing error loading recipe createcasing:crafting/chain_drive/creative_from_zinc: com.google.gson.JsonSyntaxException: Unknown item 'create:creative_casing'
[09Jan2026 20:28:40.453] [Server thread/ERROR] [net.minecraft.world.item.crafting.RecipeManager/]: Parsing error loading recipe kom:staff_of_skewdan_recipe: com.google.gson.JsonSyntaxException: Unknown item 'rats:block_of_nether_cheese'
[09Jan2026 20:28:40.459] [Server thread/INFO] [net.minecraft.world.item.crafting.RecipeManager/]: Skipping loading recipe mob_grinding_utils:beheading/enderman as it's serializer returned null
[09Jan2026 20:28:40.463] [Server thread/INFO] [net.minecraft.world.item.crafting.RecipeManager/]: Skipping loading recipe twilightforest:jeed/resistance as it's serializer returned null
[09Jan2026 20:28:40.465] [Server thread/ERROR] [net.minecraft.world.item.crafting.RecipeManager/]: Parsing error loading recipe create:milling/compat/biomesoplenty/white_lavender: com.google.gson.JsonSyntaxException: Unknown item 'biomesoplenty:white_lavender'
[09Jan2026 20:28:40.471] [Server thread/WARN] [com.simibubi.create.Create/]: Your custom createaddition:rolling/copper_plate recipe (createaddition:rolling/copper_plate) specified a duration. Durations have no impact on this type of recipe.
[09Jan2026 20:28:40.472] [Server thread/ERROR] [net.minecraft.world.item.crafting.RecipeManager/]: Parsing error loading recipe irons_spellbooks:expulsion_ring: com.google.gson.JsonSyntaxException: Unknown item 'minecraft:wind_charge'
[09Jan2026 20:28:40.488] [Server thread/INFO] [net.minecraft.world.item.crafting.RecipeManager/]: Skipping loading recipe twilightforest:jeed/slowness as it's serializer returned null
[09Jan2026 20:28:40.499] [Server thread/INFO] [net.minecraft.world.item.crafting.RecipeManager/]: Loaded 85 recipes
[09Jan2026 20:28:40.513] [Server thread/ERROR] [net.minecraft.server.ServerAdvancementManager/]: Parsing error loading custom advancement blastfromthepast:brother_bear: Invalid criterion trigger: blastfromthepast:pacify_bear_trigger
[09Jan2026 20:28:40.514] [Server thread/ERROR] [net.minecraft.server.ServerAdvancementManager/]: Parsing error loading custom advancement blastfromthepast:prehistoric_party: Invalid criterion trigger: blastfromthepast:dance_trigger
[09Jan2026 20:28:40.516] [Server thread/ERROR] [net.minecraft.server.ServerAdvancementManager/]: Parsing error loading custom advancement sophisticatedstorage:recipes/misc/backpack_chipped_mason_table_upgrade_from_storage_chipped_mason_table_upgrade: Unknown item id 'sophisticatedstorage:chipped/mason_table_upgrade'
[09Jan2026 20:28:40.521] [Server thread/ERROR] [net.minecraft.server.ServerAdvancementManager/]: Parsing error loading custom advancement sophisticatedstorage:recipes/misc/backpack_chipped_glassblower_upgrade_from_storage_chipped_glassblower_upgrade: Unknown item id 'sophisticatedstorage:chipped/glassblower_upgrade'
[09Jan2026 20:28:40.523] [Server thread/ERROR] [net.minecraft.server.ServerAdvancementManager/]: Parsing error loading custom advancement sophisticatedstorage:recipes/misc/storage_chipped_carpenters_table_upgrade_from_backpack_chipped_carpenters_table_upgrade: Unknown item id 'sophisticatedbackpacks:chipped/carpenters_table_upgrade'
[09Jan2026 20:28:40.527] [Server thread/ERROR] [net.minecraft.server.ServerAdvancementManager/]: Parsing error loading custom advancement sophisticatedstorage:recipes/misc/storage_chipped_alchemy_bench_upgrade_from_backpack_chipped_alchemy_bench_upgrade: Unknown item id 'sophisticatedbackpacks:chipped/alchemy_bench_upgrade'
[09Jan2026 20:28:40.533] [Server thread/ERROR] [net.minecraft.server.ServerAdvancementManager/]: Parsing error loading custom advancement sophisticatedstorage:recipes/misc/backpack_chipped_loom_table_upgrade_from_storage_chipped_loom_table_upgrade: Unknown item id 'sophisticatedstorage:chipped/loom_table_upgrade'
[09Jan2026 20:28:40.550] [Server thread/ERROR] [net.minecraft.server.ServerAdvancementManager/]: Parsing error loading custom advancement sophisticatedstorage:recipes/misc/storage_chipped_botanist_workbench_upgrade_from_backpack_chipped_botanist_workbench_upgrade: Unknown item id 'sophisticatedbackpacks:chipped/botanist_workbench_upgrade'
[09Jan2026 20:28:40.554] [Server thread/ERROR] [net.minecraft.server.ServerAdvancementManager/]: Parsing error loading custom advancement sophisticatedstorage:recipes/misc/storage_chipped_tinkering_table_upgrade_from_backpack_chipped_tinkering_table_upgrade: Unknown item id 'sophisticatedbackpacks:chipped/tinkering_table_upgrade'
[09Jan2026 20:28:40.570] [Server thread/ERROR] [net.minecraft.server.ServerAdvancementManager/]: Parsing error loading custom advancement sophisticatedstorage:recipes/misc/storage_chipped_loom_table_upgrade_from_backpack_chipped_loom_table_upgrade: Unknown item id 'sophisticatedbackpacks:chipped/loom_table_upgrade'
[09Jan2026 20:28:40.574] [Server thread/ERROR] [net.minecraft.server.ServerAdvancementManager/]: Parsing error loading custom advancement sophisticatedstorage:recipes/misc/backpack_chipped_carpenters_table_upgrade_from_storage_chipped_carpenters_table_upgrade: Unknown item id 'sophisticatedstorage:chipped/carpenters_table_upgrade'
[09Jan2026 20:28:40.590] [Server thread/ERROR] [net.minecraft.server.ServerAdvancementManager/]: Parsing error loading custom advancement sophisticatedstorage:recipes/misc/backpack_chipped_botanist_workbench_upgrade_from_storage_chipped_botanist_workbench_upgrade: Unknown item id 'sophisticatedstorage:chipped/botanist_workbench_upgrade'
[09Jan2026 20:28:40.591] [Server thread/ERROR] [net.minecraft.server.ServerAdvancementManager/]: Parsing error loading custom advancement sophisticatedstorage:recipes/misc/storage_chipped_glassblower_upgrade_from_backpack_chipped_glassblower_upgrade: Unknown item id 'sophisticatedbackpacks:chipped/glassblower_upgrade'
[09Jan2026 20:28:40.593] [Server thread/ERROR] [net.minecraft.server.ServerAdvancementManager/]: Parsing error loading custom advancement sophisticatedstorage:recipes/misc/storage_chipped_mason_table_upgrade_from_backpack_chipped_mason_table_upgrade: Unknown item id 'sophisticatedbackpacks:chipped/mason_table_upgrade'
[09Jan2026 20:28:40.598] [Server thread/ERROR] [net.minecraft.server.ServerAdvancementManager/]: Parsing error loading custom advancement sophisticatedstorage:recipes/misc/backpack_chipped_tinkering_table_upgrade_from_storage_chipped_tinkering_table_upgrade: Unknown item id 'sophisticatedstorage:chipped/tinkering_table_upgrade'
[09Jan2026 20:28:40.600] [Server thread/ERROR] [net.minecraft.server.ServerAdvancementManager/]: Parsing error loading custom advancement sophisticatedstorage:recipes/misc/backpack_chipped_alchemy_bench_upgrade_from_storage_chipped_alchemy_bench_upgrade: Unknown item id 'sophisticatedstorage:chipped/alchemy_bench_upgrade'
[09Jan2026 20:28:40.632] [Server thread/INFO] [net.minecraft.advancements.AdvancementList/]: Loaded 7018 advancements
[09Jan2026 20:28:40.640] [Server thread/INFO] [placebo/]: Registered 26 additional recipes.
[09Jan2026 20:28:41.058] [Server thread/INFO] [twilightforest/]: Loaded 9 Stalactite configs!
[09Jan2026 20:28:41.060] [Server thread/INFO] [top.theillusivec4.curios.Curios/]: Loaded 20 curio slots
[09Jan2026 20:28:41.062] [Server thread/ERROR] [top.theillusivec4.curios.Curios/]: talisman is not a registered slot type!
[09Jan2026 20:28:41.063] [Server thread/INFO] [top.theillusivec4.curios.Curios/]: Loaded 13 curio entities
[09Jan2026 20:28:41.134] [Server thread/ERROR] [io.github.apace100.apoli.Apoli/]: Error loading power "custom_origins:umbrakin/daylight_burn": Unknown registry key: origins:burn_in_daylight
[09Jan2026 20:28:41.134] [Server thread/ERROR] [io.github.apace100.apoli.Apoli/]: Loading for all instances of power custom_origins:umbrakin/daylight_burn failed.
[09Jan2026 20:28:41.141] [Server thread/ERROR] [io.github.apace100.origins.Origins/]: There was a problem reading Origin file custom_origins:umbrakin (skipping): Expected description to be a string, was an array (["Fi...."])
[09Jan2026 20:28:41.141] [Server thread/ERROR] [io.github.apace100.origins.Origins/]: All instances of origin custom_origins:umbrakin failed to load. Skipped
[09Jan2026 20:28:41.157] [Server thread/INFO] [placebo/]: Registered 28 gear_sets.
[09Jan2026 20:28:41.159] [Server thread/INFO] [Apotheosis : Enchantment/]: Registered 30 enchanting_stats.
[09Jan2026 20:28:41.160] [Server thread/INFO] [Apotheosis : Adventure/]: Registered 6 rarities.
[09Jan2026 20:28:41.167] [Server thread/INFO] [Apotheosis : Adventure/]: Registered 87 affixes.
[09Jan2026 20:28:41.169] [Server thread/WARN] [Apotheosis : Adventure/]: Insufficient number of affixes to satisfy the loot rules (ignoring backup rules) of rarity apotheosis:mythic for category helmetRequired: 3; Provided: 2
[09Jan2026 20:28:41.170] [Server thread/WARN] [Apotheosis : Adventure/]: Insufficient number of affixes to satisfy the loot rules (ignoring backup rules) of rarity apotheosis:mythic for category bootsRequired: 3; Provided: 2
[09Jan2026 20:28:41.170] [Server thread/WARN] [Apotheosis : Adventure/]: Insufficient number of affixes to satisfy the loot rules (ignoring backup rules) of rarity apotheosis:ancient for category bowRequired: 5; Provided: 4
[09Jan2026 20:28:41.170] [Server thread/WARN] [Apotheosis : Adventure/]: Insufficient number of affixes to satisfy the loot rules (ignoring backup rules) of rarity apotheosis:ancient for category crossbowRequired: 5; Provided: 4
[09Jan2026 20:28:41.171] [Server thread/WARN] [Apotheosis : Adventure/]: Insufficient number of affixes to satisfy the loot rules (ignoring backup rules) of rarity apotheosis:ancient for category pickaxeRequired: 5; Provided: 4
[09Jan2026 20:28:41.171] [Server thread/WARN] [Apotheosis : Adventure/]: Insufficient number of affixes to satisfy the loot rules (ignoring backup rules) of rarity apotheosis:ancient for category shovelRequired: 5; Provided: 4
[09Jan2026 20:28:41.171] [Server thread/WARN] [Apotheosis : Adventure/]: Insufficient number of affixes to satisfy the loot rules (ignoring backup rules) of rarity apotheosis:ancient for category helmetRequired: 4; Provided: 2
[09Jan2026 20:28:41.171] [Server thread/WARN] [Apotheosis : Adventure/]: Insufficient number of affixes to satisfy the loot rules (ignoring backup rules) of rarity apotheosis:ancient for category bootsRequired: 4; Provided: 2
[09Jan2026 20:28:41.185] [Server thread/INFO] [Apotheosis : Adventure/]: Registered 34 gems.
[09Jan2026 20:28:41.191] [Server thread/INFO] [Apotheosis : Adventure/]: Registered 100 affix_loot_entries.
[09Jan2026 20:28:41.198] [Server thread/INFO] [Apotheosis : Adventure/]: Registered 24 bosses.
[09Jan2026 20:28:41.202] [Server thread/INFO] [Apotheosis : Adventure/]: Registered 8 rogue_spawners.
[09Jan2026 20:28:41.204] [Server thread/INFO] [Apotheosis : Adventure/]: Registered 5 minibosses.
[09Jan2026 20:28:41.207] [Server thread/INFO] [Apotheosis : Village/]: Registered 29 wanderer_trades.
[09Jan2026 20:28:41.355] [Server thread/INFO] [puffish_skills/]: [puffish_skills] Mod configuration loaded successfully!
[09Jan2026 20:28:41.364] [Server thread/INFO] [puffish_skills/]: [puffish_skills] Data pack `irons_spells_skill_tree` loaded successfully!
[09Jan2026 20:28:41.377] [Server thread/INFO] [puffish_skills/]: [puffish_skills] Data pack `puffish_skills` loaded successfully!
[09Jan2026 20:28:41.490] [Server thread/INFO] [immersiveengineering/]: Couldn't fully analyze 1 warrior_chestplate, missing knowledge for {1 leather_chestplate=1.0}
[09Jan2026 20:28:41.491] [Server thread/INFO] [immersiveengineering/]: Couldn't fully analyze 1 titano_serpant_armor_chestplate, missing knowledge for {1 netherite_chestplate=1.0}
[09Jan2026 20:28:41.491] [Server thread/INFO] [immersiveengineering/]: Couldn't fully analyze 1 divine_chestplate, missing knowledge for {1 robe_chestplate=1.0}
[09Jan2026 20:28:41.491] [Server thread/INFO] [immersiveengineering/]: Couldn't fully analyze 1 titano_serpant_armor_leggings, missing knowledge for {1 netherite_leggings=1.0}
[09Jan2026 20:28:41.492] [Server thread/INFO] [immersiveengineering/]: Couldn't fully analyze 1 divine_helmet, missing knowledge for {1 robe_helmet=1.0}
[09Jan2026 20:28:41.492] [Server thread/INFO] [immersiveengineering/]: Couldn't fully analyze 1 wither_boots, missing knowledge for {1 bone_boots=1.0}
[09Jan2026 20:28:41.492] [Server thread/INFO] [immersiveengineering/]: Couldn't fully analyze 1 wither_chestplate, missing knowledge for {1 bone_chestplate=1.0}
[09Jan2026 20:28:41.493] [Server thread/INFO] [immersiveengineering/]: Couldn't fully analyze 1 paladin_chestplate, missing knowledge for {1 priest_chestplate=1.0}
[09Jan2026 20:28:41.493] [Server thread/INFO] [immersiveengineering/]: Couldn't fully analyze 1 warrior_helmet, missing knowledge for {1 leather_helmet=1.0}
[09Jan2026 20:28:41.493] [Server thread/INFO] [immersiveengineering/]: Couldn't fully analyze 1 warrior_boots, missing knowledge for {1 leather_boots=1.0}
[09Jan2026 20:28:41.494] [Server thread/INFO] [immersiveengineering/]: Couldn't fully analyze 1 wither_leggings, missing knowledge for {1 bone_leggings=1.0}
[09Jan2026 20:28:41.494] [Server thread/INFO] [immersiveengineering/]: Couldn't fully analyze 1 radiator, missing knowledge for {1 water_bucket=0.25}
[09Jan2026 20:28:41.494] [Server thread/INFO] [immersiveengineering/]: Couldn't fully analyze 1 warrior_leggings, missing knowledge for {1 leather_leggings=1.0}
[09Jan2026 20:28:41.495] [Server thread/INFO] [immersiveengineering/]: Couldn't fully analyze 1 divine_boots, missing knowledge for {1 robe_boots=1.0}
[09Jan2026 20:28:41.495] [Server thread/INFO] [immersiveengineering/]: Couldn't fully analyze 1 righteous_relic, missing knowledge for {1 dormant_relic=1.0}
[09Jan2026 20:28:41.495] [Server thread/INFO] [immersiveengineering/]: Couldn't fully analyze 1 wither_helmet, missing knowledge for {1 bone_helmet=1.0}
[09Jan2026 20:28:41.496] [Server thread/INFO] [immersiveengineering/]: Couldn't fully analyze 1 infernal_sorcerer_chestplate, missing knowledge for {1 pyromancer_chestplate=1.0}
[09Jan2026 20:28:41.496] [Server thread/INFO] [immersiveengineering/]: Couldn't fully analyze 1 divine_leggings, missing knowledge for {1 robe_leggings=1.0}
[09Jan2026 20:28:41.497] [Server thread/INFO] [immersiveengineering/]: Finished recipe profiler for Arc Recycling, took 78 milliseconds
[09Jan2026 20:28:41.532] [Server thread/WARN] [net.minecraft.server.MinecraftServer/]: Can't keep up! Is the server overloaded? Running 12310ms or 246 ticks behind
[09Jan2026 20:28:41.556] [Netty Server IO #8/INFO] [immersiveengineering/]: Recipes for potions: minecraft:slow_falling, apotheosis:strong_sundering, apotheosis:long_vitality, minecraft:strong_leaping, potionsmaster:gold_sight, undergarden:strong_brittleness, potionsmaster:vibranium_sight, undergarden:brittleness, irons_spellbooks:instant_mana_three, deeperdarker:sculk_affinity, undergarden:featherweight, minecraft:strong_turtle_master, potionsmaster:uranium_sight, friendsandfoes:strong_reaching, potionsmaster:copper_sight, minecraft:long_turtle_master, minecraft:long_regeneration, minecraft:long_invisibility, alexscaves:deepsight, friendsandfoes:long_reaching, potionsmaster:lapis_sight, alexsmobs:long_lava_vision, alexsmobs:bug_pheromones, alexscaves:strong_haste, friendsandfoes:reaching, potionsmaster:netherite_sight, minecraft:slowness, apotheosis:strong_haste, alexsmobs:strong_knockback_resistance, potionsmaster:platinum_sight, minecraft:strong_swiftness, apotheosis:strong_resistance, potionsmaster:emerald_sight, alexsmobs:soulsteal, minecraft:long_fire_resistance, minecraft:strong_harming, undergarden:long_glowing, undergarden:long_brittleness, potionsmaster:nickel_sight, minecraft:fire_resistance, potionsmaster:silver_sight, apotheosis:resistance, apotheosis:strong_fatigue, potionsmaster:osmium_sight, minecraft:night_vision, minecraft:invisibility, apotheosis:long_sundering, irons_spellbooks:instant_mana_two, minecraft:long_slow_falling, potionsmaster:diamond_sight, minecraft:swiftness, undergarden:long_virulent_resistance, minecraft:long_slowness, apotheosis:long_fatigue, apotheosis:long_grievous, apotheosis:flying, potionsmaster:aluminum_sight, potionsmaster:zinc_sight, alexscaves:long_deepsight, alexscaves:long_sugar_rush, mowziesmobs:long_poison_resist, apotheosis:long_flying, minecraft:strong_slowness, apotheosis:strong_knowledge, alexsmobs:speed_iii, potionsmaster:coal_sight, apotheosis:long_wither, undergarden:long_featherweight, apotheosis:long_haste, potionsmaster:bismuth_sight, deeperdarker:long_sculk_affinity, alexsmobs:strong_soulsteal, apotheosis:long_knowledge, apotheosis:levitation, minecraft:turtle_master, apotheosis:sundering, minecraft:leaping, potionsmaster:unobtainium_sight, undergarden:virulent_resistance, minecraft:long_night_vision, apotheosis:knowledge, alexsmobs:long_bug_pheromones, potionsmaster:redstone_sight, mowziesmobs:poison_resist, undergarden:glowing, apotheosis:wither, minecraft:weakness, alexsmobs:poison_resistance, minecraft:long_leaping, minecraft:long_poison, potionsmaster:crimsoniron_sight, apotheosis:strong_vitality, potionsmaster:iron_sight, alexsmobs:long_clinging, alexscaves:magnetizing, minecraft:poison, minecraft:strong_strength, minecraft:strong_poison, apotheosis:vitality, potionsmaster:quartz_sight, minecraft:regeneration, minecraft:strength, potionsmaster:lead_sight, minecraft:awkward, apotheosis:strong_absorption, alexsmobs:lava_vision, minecraft:harming, minecraft:long_water_breathing, minecraft:water, minecraft:healing, minecraft:water_breathing, alexscaves:long_glowing, irons_spellbooks:instant_mana_one, potionsmaster:allthemodium_sight, minecraft:strong_healing, apotheosis:absorption, alexsmobs:clinging, apotheosis:fatigue, irons_spellbooks:instant_mana_four, alexsmobs:long_soulsteal, apotheosis:strong_grievous, undergarden:strong_featherweight, alexsmobs:long_poison_resistance, potionsmaster:tin_sight, minecraft:long_swiftness, minecraft:strong_regeneration, alexscaves:sugar_rush, alexsmobs:long_knockback_resistance, minecraft:long_weakness, alexscaves:long_magnetizing, apotheosis:strong_wither, alexscaves:haste, apotheosis:extra_long_flying, minecraft:luck, alexscaves:glowing, apotheosis:haste, minecraft:long_strength, alexsmobs:knockback_resistance, apotheosis:long_resistance, apotheosis:long_absorption, alexscaves:long_haste, apotheosis:grievous
[09Jan2026 20:30:39.388] [Server thread/WARN] [net.minecraft.server.MinecraftServer/]: Can't keep up! Is the server overloaded? Running 2015ms or 40 ticks behind
